DEPTH = 16384;
WIDTH = 32;
ADDRESS_RADIX = DEC;
DATA_RADIX = DEC;
CONTENT
BEGIN
	0	:	5;
	1	:	7378;
	2	:	8374;
	3	:	0;
	4	:	1;
	5	:	7378;
	6	:	7378;
	7	:	1021;
	8	:	16;
	9	:	7555;
	10	:	7554;
	11	:	0;
	12	:	5;
	13	:	436;
	14	:	1020;
	15	:	0;
	16	:	13;
	17	:	24;
	18	:	-2147483616;
	19	:	1021;
	20	:	5;
	21	:	-2147483616;
	22	:	1021;
	23	:	0;
	24	:	14;
	25	:	36;
	26	:	446;
	27	:	1020;
	28	:	16;
	29	:	7117;
	30	:	7115;
	31	:	0;
	32	:	5;
	33	:	446;
	34	:	1021;
	35	:	0;
	36	:	5;
	37	:	450;
	38	:	1020;
	39	:	0;
	40	:	5;
	41	:	451;
	42	:	1020;
	43	:	0;
	44	:	16;
	45	:	7616;
	46	:	7615;
	47	:	0;
	48	:	13;
	49	:	8375;
	50	:	1020;
	51	:	1020;
	52	:	16;
	53	:	8061;
	54	:	8060;
	55	:	0;
	56	:	16;
	57	:	7318;
	58	:	7376;
	59	:	0;
	60	:	13;
	61	:	56;
	62	:	7373;
	63	:	1020;
	64	:	13;
	65	:	8547;
	66	:	7372;
	67	:	1031;
	68	:	13;
	69	:	208;
	70	:	7372;
	71	:	1032;
	72	:	13;
	73	:	208;
	74	:	7372;
	75	:	1033;
	76	:	13;
	77	:	144;
	78	:	7372;
	79	:	1034;
	80	:	16;
	81	:	7506;
	82	:	7550;
	83	:	0;
	84	:	13;
	85	:	56;
	86	:	7553;
	87	:	1020;
	88	:	13;
	89	:	56;
	90	:	436;
	91	:	520;
	92	:	12;
	93	:	7372;
	94	:	487;
	95	:	436;
	96	:	2;
	97	:	1169;
	98	:	7372;
	99	:	7473;
	100	:	5;
	101	:	1171;
	102	:	521;
	103	:	0;
	104	:	5;
	105	:	1170;
	106	:	8169;
	107	:	0;
	108	:	4;
	109	:	8176;
	110	:	8172;
	111	:	1022;
	112	:	3;
	113	:	8175;
	114	:	8166;
	115	:	8176;
	116	:	2;
	117	:	1170;
	118	:	1170;
	119	:	8175;
	120	:	3;
	121	:	522;
	122	:	8172;
	123	:	436;
	124	:	1;
	125	:	1170;
	126	:	1170;
	127	:	522;
	128	:	1;
	129	:	1170;
	130	:	1170;
	131	:	525;
	132	:	16;
	133	:	1185;
	134	:	1173;
	135	:	0;
	136	:	1;
	137	:	436;
	138	:	436;
	139	:	1021;
	140	:	13;
	141	:	56;
	142	:	1020;
	143	:	1020;
	144	:	13;
	145	:	56;
	146	:	436;
	147	:	1020;
	148	:	2;
	149	:	436;
	150	:	436;
	151	:	1021;
	152	:	5;
	153	:	1363;
	154	:	1068;
	155	:	0;
	156	:	5;
	157	:	1359;
	158	:	8169;
	159	:	0;
	160	:	4;
	161	:	8176;
	162	:	8172;
	163	:	1022;
	164	:	3;
	165	:	8175;
	166	:	8166;
	167	:	8176;
	168	:	2;
	169	:	1359;
	170	:	1359;
	171	:	8175;
	172	:	3;
	173	:	522;
	174	:	8172;
	175	:	436;
	176	:	1;
	177	:	1359;
	178	:	1359;
	179	:	522;
	180	:	1;
	181	:	1359;
	182	:	1359;
	183	:	525;
	184	:	5;
	185	:	1360;
	186	:	521;
	187	:	0;
	188	:	1;
	189	:	1362;
	190	:	1360;
	191	:	523;
	192	:	1;
	193	:	1361;
	194	:	1359;
	195	:	524;
	196	:	16;
	197	:	1365;
	198	:	1364;
	199	:	0;
	200	:	12;
	201	:	1020;
	202	:	487;
	203	:	436;
	204	:	13;
	205	:	56;
	206	:	1020;
	207	:	1020;
	208	:	16;
	209	:	7411;
	210	:	7469;
	211	:	0;
	212	:	14;
	213	:	304;
	214	:	7465;
	215	:	1020;
	216	:	5;
	217	:	1359;
	218	:	938;
	219	:	0;
	220	:	5;
	221	:	1360;
	222	:	939;
	223	:	0;
	224	:	1;
	225	:	1361;
	226	:	1359;
	227	:	1035;
	228	:	1;
	229	:	1362;
	230	:	1360;
	231	:	1036;
	232	:	5;
	233	:	1363;
	234	:	1068;
	235	:	0;
	236	:	16;
	237	:	1365;
	238	:	1364;
	239	:	0;
	240	:	5;
	241	:	1105;
	242	:	929;
	243	:	0;
	244	:	5;
	245	:	1107;
	246	:	938;
	247	:	0;
	248	:	5;
	249	:	1108;
	250	:	939;
	251	:	0;
	252	:	16;
	253	:	1113;
	254	:	1106;
	255	:	0;
	256	:	1;
	257	:	450;
	258	:	450;
	259	:	1021;
	260	:	1;
	261	:	451;
	262	:	451;
	263	:	1021;
	264	:	16;
	265	:	7402;
	266	:	7400;
	267	:	0;
	268	:	5;
	269	:	447;
	270	:	7401;
	271	:	0;
	272	:	1;
	273	:	448;
	274	:	447;
	275	:	449;
	276	:	13;
	277	:	284;
	278	:	444;
	279	:	1020;
	280	:	16;
	281	:	8683;
	282	:	8645;
	283	:	0;
	284	:	15;
	285	:	300;
	286	:	448;
	287	:	7401;
	288	:	16;
	289	:	8647;
	290	:	8644;
	291	:	0;
	292	:	16;
	293	:	7402;
	294	:	7400;
	295	:	0;
	296	:	13;
	297	:	284;
	298	:	0;
	299	:	0;
	300	:	13;
	301	:	52;
	302	:	0;
	303	:	0;
	304	:	5;
	305	:	1359;
	306	:	938;
	307	:	0;
	308	:	5;
	309	:	1360;
	310	:	939;
	311	:	0;
	312	:	1;
	313	:	1361;
	314	:	1359;
	315	:	1035;
	316	:	1;
	317	:	1362;
	318	:	1360;
	319	:	1036;
	320	:	5;
	321	:	1363;
	322	:	1068;
	323	:	0;
	324	:	5;
	325	:	451;
	326	:	1020;
	327	:	0;
	328	:	16;
	329	:	1365;
	330	:	1364;
	331	:	0;
	332	:	16;
	333	:	8703;
	334	:	8646;
	335	:	0;
	336	:	5;
	337	:	1105;
	338	:	940;
	339	:	0;
	340	:	5;
	341	:	1107;
	342	:	938;
	343	:	0;
	344	:	5;
	345	:	1108;
	346	:	939;
	347	:	0;
	348	:	5;
	349	:	437;
	350	:	436;
	351	:	0;
	352	:	16;
	353	:	1113;
	354	:	1106;
	355	:	0;
	356	:	5;
	357	:	442;
	358	:	1020;
	359	:	0;
	360	:	13;
	361	:	424;
	362	:	442;
	363	:	520;
	364	:	12;
	365	:	1020;
	366	:	487;
	367	:	442;
	368	:	5;
	369	:	1363;
	370	:	1068;
	371	:	0;
	372	:	5;
	373	:	1359;
	374	:	8169;
	375	:	0;
	376	:	4;
	377	:	8176;
	378	:	8172;
	379	:	1022;
	380	:	3;
	381	:	8175;
	382	:	8166;
	383	:	8176;
	384	:	2;
	385	:	1359;
	386	:	1359;
	387	:	8175;
	388	:	3;
	389	:	522;
	390	:	8172;
	391	:	442;
	392	:	1;
	393	:	1359;
	394	:	1359;
	395	:	522;
	396	:	1;
	397	:	1359;
	398	:	1359;
	399	:	525;
	400	:	5;
	401	:	1360;
	402	:	521;
	403	:	0;
	404	:	1;
	405	:	1362;
	406	:	1360;
	407	:	523;
	408	:	1;
	409	:	1361;
	410	:	1359;
	411	:	524;
	412	:	16;
	413	:	1365;
	414	:	1364;
	415	:	0;
	416	:	1;
	417	:	442;
	418	:	442;
	419	:	1021;
	420	:	13;
	421	:	360;
	422	:	0;
	423	:	0;
	424	:	5;
	425	:	436;
	426	:	1020;
	427	:	0;
	428	:	13;
	429	:	56;
	430	:	0;
	431	:	0;
	432	:	16;
	433	:	7411;
	434	:	7469;
	435	:	0;
	436	:	0;
	437	:	0;
	438	:	13;
	439	:	52;
	440	:	0;
	441	:	0;
	442	:	0;
	443	:	1;
	444	:	1;
	445	:	0;
	446	:	0;
	447	:	0;
	448	:	0;
	449	:	8000;
	450	:	0;
	451	:	0;
	452	:	452;
	453	:	104;
	454	:	97;
	455	:	112;
	456	:	112;
	457	:	121;
	458	:	0;
	459	:	0;
	460	:	0;
	461	:	0;
	462	:	0;
	463	:	0;
	464	:	0;
	465	:	0;
	466	:	0;
	467	:	0;
	468	:	0;
	469	:	0;
	470	:	0;
	471	:	0;
	472	:	0;
	473	:	0;
	474	:	0;
	475	:	0;
	476	:	0;
	477	:	0;
	478	:	0;
	479	:	0;
	480	:	0;
	481	:	0;
	482	:	0;
	483	:	0;
	484	:	0;
	485	:	0;
	486	:	486;
	487	:	0;
	488	:	0;
	489	:	0;
	490	:	0;
	491	:	0;
	492	:	0;
	493	:	0;
	494	:	0;
	495	:	0;
	496	:	0;
	497	:	0;
	498	:	0;
	499	:	0;
	500	:	0;
	501	:	0;
	502	:	0;
	503	:	0;
	504	:	0;
	505	:	0;
	506	:	0;
	507	:	0;
	508	:	0;
	509	:	0;
	510	:	0;
	511	:	0;
	512	:	0;
	513	:	0;
	514	:	0;
	515	:	0;
	516	:	0;
	517	:	0;
	518	:	0;
	519	:	0;
	520	:	0;
	521	:	360;
	522	:	0;
	523	:	27;
	524	:	80;
	525	:	10;
	526	:	230;
	527	:	80;
	528	:	180;
	529	:	200;
	530	:	170;
	531	:	250;
	532	:	532;
	533	:	87;
	534	:	69;
	535	:	76;
	536	:	67;
	537	:	79;
	538	:	77;
	539	:	69;
	540	:	0;
	541	:	541;
	542	:	71;
	543	:	65;
	544	:	77;
	545	:	69;
	546	:	95;
	547	:	76;
	548	:	79;
	549	:	65;
	550	:	68;
	551	:	73;
	552	:	78;
	553	:	71;
	554	:	0;
	555	:	555;
	556	:	74;
	557	:	85;
	558	:	83;
	559	:	84;
	560	:	95;
	561	:	65;
	562	:	95;
	563	:	77;
	564	:	79;
	565	:	77;
	566	:	69;
	567	:	78;
	568	:	84;
	569	:	0;
	570	:	180;
	571	:	60;
	572	:	200;
	573	:	350;
	574	:	200;
	575	:	300;
	576	:	8;
	577	:	130;
	578	:	165;
	579	:	22;
	580	:	130;
	581	:	160;
	582	:	130;
	583	:	210;
	584	:	80;
	585	:	410;
	586	:	586;
	587	:	80;
	588	:	73;
	589	:	88;
	590	:	69;
	591	:	76;
	592	:	95;
	593	:	80;
	594	:	72;
	595	:	79;
	596	:	78;
	597	:	73;
	598	:	67;
	599	:	83;
	600	:	0;
	601	:	601;
	602	:	83;
	603	:	69;
	604	:	84;
	605	:	84;
	606	:	73;
	607	:	78;
	608	:	71;
	609	:	83;
	610	:	95;
	611	:	50;
	612	:	0;
	613	:	613;
	614	:	80;
	615	:	76;
	616	:	65;
	617	:	89;
	618	:	95;
	619	:	49;
	620	:	0;
	621	:	621;
	622	:	65;
	623	:	78;
	624	:	95;
	625	:	73;
	626	:	77;
	627	:	65;
	628	:	71;
	629	:	69;
	630	:	95;
	631	:	66;
	632	:	65;
	633	:	83;
	634	:	69;
	635	:	68;
	636	:	95;
	637	:	83;
	638	:	80;
	639	:	69;
	640	:	76;
	641	:	76;
	642	:	73;
	643	:	78;
	644	:	71;
	645	:	95;
	646	:	71;
	647	:	65;
	648	:	77;
	649	:	69;
	650	:	0;
	651	:	651;
	652	:	67;
	653	:	72;
	654	:	65;
	655	:	78;
	656	:	71;
	657	:	69;
	658	:	95;
	659	:	83;
	660	:	69;
	661	:	84;
	662	:	84;
	663	:	73;
	664	:	78;
	665	:	71;
	666	:	83;
	667	:	0;
	668	:	668;
	669	:	84;
	670	:	79;
	671	:	71;
	672	:	71;
	673	:	76;
	674	:	69;
	675	:	95;
	676	:	65;
	677	:	85;
	678	:	68;
	679	:	73;
	680	:	79;
	681	:	95;
	682	:	49;
	683	:	0;
	684	:	684;
	685	:	84;
	686	:	79;
	687	:	71;
	688	:	71;
	689	:	76;
	690	:	69;
	691	:	95;
	692	:	68;
	693	:	73;
	694	:	70;
	695	:	70;
	696	:	73;
	697	:	67;
	698	:	85;
	699	:	76;
	700	:	84;
	701	:	89;
	702	:	95;
	703	:	50;
	704	:	0;
	705	:	705;
	706	:	82;
	707	:	69;
	708	:	84;
	709	:	85;
	710	:	82;
	711	:	78;
	712	:	95;
	713	:	84;
	714	:	79;
	715	:	95;
	716	:	77;
	717	:	65;
	718	:	73;
	719	:	78;
	720	:	95;
	721	:	77;
	722	:	69;
	723	:	78;
	724	:	85;
	725	:	95;
	726	:	51;
	727	:	0;
	728	:	120;
	729	:	410;
	730	:	730;
	731	:	82;
	732	:	69;
	733	:	84;
	734	:	85;
	735	:	82;
	736	:	78;
	737	:	95;
	738	:	84;
	739	:	79;
	740	:	95;
	741	:	83;
	742	:	69;
	743	:	84;
	744	:	84;
	745	:	73;
	746	:	78;
	747	:	71;
	748	:	83;
	749	:	95;
	750	:	51;
	751	:	0;
	752	:	165;
	753	:	80;
	754	:	165;
	755	:	250;
	756	:	165;
	757	:	290;
	758	:	80;
	759	:	130;
	760	:	480;
	761	:	130;
	762	:	762;
	763	:	65;
	764	:	85;
	765	:	68;
	766	:	73;
	767	:	79;
	768	:	95;
	769	:	83;
	770	:	69;
	771	:	84;
	772	:	84;
	773	:	73;
	774	:	78;
	775	:	71;
	776	:	83;
	777	:	0;
	778	:	778;
	779	:	65;
	780	:	85;
	781	:	68;
	782	:	73;
	783	:	79;
	784	:	95;
	785	:	79;
	786	:	78;
	787	:	95;
	788	:	49;
	789	:	0;
	790	:	790;
	791	:	65;
	792	:	85;
	793	:	68;
	794	:	73;
	795	:	79;
	796	:	95;
	797	:	79;
	798	:	70;
	799	:	70;
	800	:	95;
	801	:	50;
	802	:	0;
	803	:	803;
	804	:	65;
	805	:	85;
	806	:	68;
	807	:	73;
	808	:	79;
	809	:	95;
	810	:	73;
	811	:	83;
	812	:	95;
	813	:	67;
	814	:	85;
	815	:	82;
	816	:	82;
	817	:	69;
	818	:	78;
	819	:	84;
	820	:	76;
	821	:	89;
	822	:	95;
	823	:	0;
	824	:	824;
	825	:	79;
	826	:	78;
	827	:	0;
	828	:	828;
	829	:	79;
	830	:	70;
	831	:	70;
	832	:	0;
	833	:	140;
	834	:	80;
	835	:	230;
	836	:	250;
	837	:	230;
	838	:	290;
	839	:	50;
	840	:	130;
	841	:	467;
	842	:	130;
	843	:	843;
	844	:	68;
	845	:	73;
	846	:	70;
	847	:	70;
	848	:	73;
	849	:	67;
	850	:	85;
	851	:	76;
	852	:	84;
	853	:	89;
	854	:	95;
	855	:	83;
	856	:	69;
	857	:	84;
	858	:	84;
	859	:	73;
	860	:	78;
	861	:	71;
	862	:	83;
	863	:	0;
	864	:	864;
	865	:	69;
	866	:	65;
	867	:	83;
	868	:	89;
	869	:	95;
	870	:	49;
	871	:	0;
	872	:	872;
	873	:	77;
	874	:	69;
	875	:	68;
	876	:	73;
	877	:	85;
	878	:	77;
	879	:	95;
	880	:	50;
	881	:	0;
	882	:	882;
	883	:	68;
	884	:	73;
	885	:	70;
	886	:	70;
	887	:	73;
	888	:	67;
	889	:	85;
	890	:	76;
	891	:	84;
	892	:	89;
	893	:	95;
	894	:	73;
	895	:	83;
	896	:	95;
	897	:	83;
	898	:	69;
	899	:	84;
	900	:	95;
	901	:	84;
	902	:	79;
	903	:	95;
	904	:	0;
	905	:	905;
	906	:	69;
	907	:	65;
	908	:	83;
	909	:	89;
	910	:	0;
	911	:	911;
	912	:	77;
	913	:	69;
	914	:	68;
	915	:	73;
	916	:	85;
	917	:	77;
	918	:	0;
	919	:	520;
	920	:	5;
	921	:	921;
	922	:	69;
	923	:	88;
	924	:	73;
	925	:	84;
	926	:	95;
	927	:	57;
	928	:	0;
	929	:	929;
	930	:	67;
	931	:	79;
	932	:	82;
	933	:	82;
	934	:	69;
	935	:	67;
	936	:	84;
	937	:	0;
	938	:	240;
	939	:	410;
	940	:	940;
	941	:	73;
	942	:	78;
	943	:	67;
	944	:	79;
	945	:	82;
	946	:	82;
	947	:	69;
	948	:	67;
	949	:	84;
	950	:	0;
	951	:	200;
	952	:	80;
	953	:	170;
	954	:	180;
	955	:	170;
	956	:	240;
	957	:	330;
	958	:	180;
	959	:	330;
	960	:	240;
	961	:	180;
	962	:	350;
	963	:	240;
	964	:	400;
	965	:	965;
	966	:	71;
	967	:	65;
	968	:	77;
	969	:	69;
	970	:	95;
	971	:	79;
	972	:	86;
	973	:	69;
	974	:	82;
	975	:	0;
	976	:	976;
	977	:	80;
	978	:	79;
	979	:	73;
	980	:	78;
	981	:	84;
	982	:	83;
	983	:	0;
	984	:	984;
	985	:	83;
	986	:	84;
	987	:	82;
	988	:	69;
	989	:	65;
	990	:	75;
	991	:	0;
	992	:	992;
	993	:	48;
	994	:	0;
	995	:	995;
	996	:	48;
	997	:	0;
	998	:	998;
	999	:	80;
	1000	:	76;
	1001	:	65;
	1002	:	89;
	1003	:	95;
	1004	:	65;
	1005	:	71;
	1006	:	65;
	1007	:	73;
	1008	:	78;
	1009	:	95;
	1010	:	49;
	1011	:	0;
	1012	:	1012;
	1013	:	69;
	1014	:	88;
	1015	:	73;
	1016	:	84;
	1017	:	95;
	1018	:	50;
	1019	:	0;
	1020	:	0;
	1021	:	1;
	1022	:	2;
	1023	:	3;
	1024	:	4;
	1025	:	5;
	1026	:	6;
	1027	:	48;
	1028	:	49;
	1029	:	50;
	1030	:	51;
	1031	:	57;
	1032	:	10;
	1033	:	13;
	1034	:	8;
	1035	:	210;
	1036	:	50;
	1037	:	0;
	1038	:	1;
	1039	:	2;
	1040	:	3;
	1041	:	97;
	1042	:	98;
	1043	:	99;
	1044	:	100;
	1045	:	101;
	1046	:	102;
	1047	:	103;
	1048	:	104;
	1049	:	105;
	1050	:	106;
	1051	:	107;
	1052	:	108;
	1053	:	109;
	1054	:	110;
	1055	:	111;
	1056	:	112;
	1057	:	113;
	1058	:	114;
	1059	:	115;
	1060	:	116;
	1061	:	117;
	1062	:	118;
	1063	:	119;
	1064	:	120;
	1065	:	121;
	1066	:	122;
	1067	:	26;
	1068	:	15263968;
	1069	:	0;
	1070	:	0;
	1071	:	0;
	1072	:	0;
	1073	:	16;
	1074	:	1343;
	1075	:	1341;
	1076	:	0;
	1077	:	12;
	1078	:	1069;
	1079	:	0;
	1080	:	1994;
	1081	:	12;
	1082	:	1070;
	1083	:	0;
	1084	:	1995;
	1085	:	12;
	1086	:	1965;
	1087	:	0;
	1088	:	1993;
	1089	:	12;
	1090	:	1964;
	1091	:	0;
	1092	:	1992;
	1093	:	16;
	1094	:	1343;
	1095	:	1341;
	1096	:	0;
	1097	:	11;
	1098	:	1071;
	1099	:	0;
	1100	:	1999;
	1101	:	17;
	1102	:	1072;
	1103	:	0;
	1104	:	0;
	1105	:	0;
	1106	:	0;
	1107	:	0;
	1108	:	0;
	1109	:	1;
	1110	:	0;
	1111	:	0;
	1112	:	0;
	1113	:	5;
	1114	:	1109;
	1115	:	1105;
	1116	:	0;
	1117	:	1;
	1118	:	1109;
	1119	:	1109;
	1120	:	1964;
	1121	:	11;
	1122	:	1169;
	1123	:	0;
	1124	:	1109;
	1125	:	13;
	1126	:	1165;
	1127	:	1111;
	1128	:	1169;
	1129	:	1;
	1130	:	1170;
	1131	:	1978;
	1132	:	1184;
	1133	:	5;
	1134	:	1171;
	1135	:	1108;
	1136	:	0;
	1137	:	2;
	1138	:	1110;
	1139	:	1109;
	1140	:	1105;
	1141	:	2;
	1142	:	1110;
	1143	:	1110;
	1144	:	1964;
	1145	:	14;
	1146	:	1153;
	1147	:	1110;
	1148	:	1965;
	1149	:	5;
	1150	:	1170;
	1151	:	1107;
	1152	:	0;
	1153	:	16;
	1154	:	1185;
	1155	:	1173;
	1156	:	0;
	1157	:	1;
	1158	:	1109;
	1159	:	1109;
	1160	:	1964;
	1161	:	13;
	1162	:	1121;
	1163	:	0;
	1164	:	0;
	1165	:	17;
	1166	:	1106;
	1167	:	0;
	1168	:	0;
	1169	:	0;
	1170	:	0;
	1171	:	0;
	1172	:	0;
	1173	:	0;
	1174	:	0;
	1175	:	65;
	1176	:	90;
	1177	:	48;
	1178	:	57;
	1179	:	45;
	1180	:	0;
	1181	:	0;
	1182	:	0;
	1183	:	0;
	1184	:	0;
	1185	:	13;
	1186	:	1189;
	1187	:	0;
	1188	:	0;
	1189	:	15;
	1190	:	1201;
	1191	:	1169;
	1192	:	1175;
	1193	:	15;
	1194	:	1201;
	1195	:	1176;
	1196	:	1169;
	1197	:	13;
	1198	:	1213;
	1199	:	0;
	1200	:	0;
	1201	:	15;
	1202	:	1325;
	1203	:	1169;
	1204	:	1177;
	1205	:	15;
	1206	:	1325;
	1207	:	1178;
	1208	:	1169;
	1209	:	13;
	1210	:	1229;
	1211	:	0;
	1212	:	0;
	1213	:	2;
	1214	:	1180;
	1215	:	1169;
	1216	:	1175;
	1217	:	5;
	1218	:	1183;
	1219	:	1965;
	1220	:	0;
	1221	:	11;
	1222	:	1174;
	1223	:	2030;
	1224	:	1180;
	1225	:	13;
	1226	:	1249;
	1227	:	0;
	1228	:	0;
	1229	:	2;
	1230	:	1180;
	1231	:	1169;
	1232	:	1177;
	1233	:	3;
	1234	:	1183;
	1235	:	1180;
	1236	:	1970;
	1237	:	4;
	1238	:	1183;
	1239	:	1183;
	1240	:	1967;
	1241	:	11;
	1242	:	1174;
	1243	:	2056;
	1244	:	1180;
	1245	:	1;
	1246	:	1180;
	1247	:	1180;
	1248	:	1977;
	1249	:	5;
	1250	:	1181;
	1251	:	1180;
	1252	:	0;
	1253	:	3;
	1254	:	1181;
	1255	:	1181;
	1256	:	1964;
	1257	:	4;
	1258	:	1181;
	1259	:	1181;
	1260	:	1968;
	1261	:	2;
	1262	:	1171;
	1263	:	1171;
	1264	:	1174;
	1265	:	2;
	1266	:	1171;
	1267	:	1171;
	1268	:	1181;
	1269	:	5;
	1270	:	1182;
	1271	:	1180;
	1272	:	0;
	1273	:	2;
	1274	:	1182;
	1275	:	1182;
	1276	:	1183;
	1277	:	3;
	1278	:	1182;
	1279	:	1182;
	1280	:	2066;
	1281	:	3;
	1282	:	1180;
	1283	:	1180;
	1284	:	1179;
	1285	:	3;
	1286	:	1180;
	1287	:	1180;
	1288	:	2066;
	1289	:	1;
	1290	:	1180;
	1291	:	1180;
	1292	:	1182;
	1293	:	1;
	1294	:	1180;
	1295	:	2070;
	1296	:	1180;
	1297	:	5;
	1298	:	1767;
	1299	:	1180;
	1300	:	0;
	1301	:	5;
	1302	:	1770;
	1303	:	1170;
	1304	:	0;
	1305	:	5;
	1306	:	1771;
	1307	:	1171;
	1308	:	0;
	1309	:	5;
	1310	:	1768;
	1311	:	2066;
	1312	:	0;
	1313	:	5;
	1314	:	1769;
	1315	:	1179;
	1316	:	0;
	1317	:	16;
	1318	:	1785;
	1319	:	1772;
	1320	:	0;
	1321	:	13;
	1322	:	1333;
	1323	:	0;
	1324	:	0;
	1325	:	1;
	1326	:	1184;
	1327	:	2068;
	1328	:	1170;
	1329	:	13;
	1330	:	1337;
	1331	:	0;
	1332	:	0;
	1333	:	5;
	1334	:	1184;
	1335	:	1784;
	1336	:	0;
	1337	:	17;
	1338	:	1173;
	1339	:	0;
	1340	:	0;
	1341	:	0;
	1342	:	0;
	1343	:	11;
	1344	:	1342;
	1345	:	0;
	1346	:	1992;
	1347	:	13;
	1348	:	1355;
	1349	:	1965;
	1350	:	1342;
	1351	:	13;
	1352	:	1343;
	1353	:	0;
	1354	:	0;
	1355	:	17;
	1356	:	1341;
	1357	:	0;
	1358	:	0;
	1359	:	0;
	1360	:	0;
	1361	:	0;
	1362	:	0;
	1363	:	0;
	1364	:	0;
	1365	:	16;
	1366	:	1343;
	1367	:	1341;
	1368	:	0;
	1369	:	12;
	1370	:	1359;
	1371	:	0;
	1372	:	1994;
	1373	:	12;
	1374	:	1360;
	1375	:	0;
	1376	:	1995;
	1377	:	12;
	1378	:	1361;
	1379	:	0;
	1380	:	1996;
	1381	:	12;
	1382	:	1362;
	1383	:	0;
	1384	:	1997;
	1385	:	12;
	1386	:	1363;
	1387	:	0;
	1388	:	1998;
	1389	:	12;
	1390	:	1964;
	1391	:	0;
	1392	:	1993;
	1393	:	12;
	1394	:	1964;
	1395	:	0;
	1396	:	1992;
	1397	:	17;
	1398	:	1364;
	1399	:	0;
	1400	:	0;
	1401	:	0;
	1402	:	0;
	1403	:	0;
	1404	:	0;
	1405	:	0;
	1406	:	0;
	1407	:	5;
	1408	:	1069;
	1409	:	1403;
	1410	:	0;
	1411	:	5;
	1412	:	1070;
	1413	:	1404;
	1414	:	0;
	1415	:	16;
	1416	:	1073;
	1417	:	1072;
	1418	:	0;
	1419	:	5;
	1420	:	1468;
	1421	:	1071;
	1422	:	0;
	1423	:	5;
	1424	:	1467;
	1425	:	1405;
	1426	:	0;
	1427	:	16;
	1428	:	1482;
	1429	:	1470;
	1430	:	0;
	1431	:	5;
	1432	:	1405;
	1433	:	1469;
	1434	:	0;
	1435	:	12;
	1436	:	1401;
	1437	:	0;
	1438	:	1994;
	1439	:	12;
	1440	:	1402;
	1441	:	0;
	1442	:	1995;
	1443	:	12;
	1444	:	1403;
	1445	:	0;
	1446	:	1996;
	1447	:	12;
	1448	:	1404;
	1449	:	0;
	1450	:	1997;
	1451	:	12;
	1452	:	1405;
	1453	:	0;
	1454	:	1998;
	1455	:	12;
	1456	:	1964;
	1457	:	0;
	1458	:	1993;
	1459	:	12;
	1460	:	1964;
	1461	:	0;
	1462	:	1992;
	1463	:	17;
	1464	:	1406;
	1465	:	0;
	1466	:	0;
	1467	:	0;
	1468	:	0;
	1469	:	0;
	1470	:	0;
	1471	:	0;
	1472	:	0;
	1473	:	0;
	1474	:	0;
	1475	:	0;
	1476	:	0;
	1477	:	0;
	1478	:	0;
	1479	:	0;
	1480	:	0;
	1481	:	0;
	1482	:	10;
	1483	:	1480;
	1484	:	1467;
	1485	:	2000;
	1486	:	9;
	1487	:	1481;
	1488	:	1480;
	1489	:	2000;
	1490	:	9;
	1491	:	1468;
	1492	:	1468;
	1493	:	1974;
	1494	:	10;
	1495	:	1468;
	1496	:	1468;
	1497	:	1974;
	1498	:	6;
	1499	:	1471;
	1500	:	1467;
	1501	:	1989;
	1502	:	6;
	1503	:	1472;
	1504	:	1467;
	1505	:	1990;
	1506	:	6;
	1507	:	1473;
	1508	:	1467;
	1509	:	1991;
	1510	:	6;
	1511	:	1474;
	1512	:	1468;
	1513	:	1989;
	1514	:	6;
	1515	:	1475;
	1516	:	1468;
	1517	:	1990;
	1518	:	6;
	1519	:	1476;
	1520	:	1468;
	1521	:	1991;
	1522	:	5;
	1523	:	1604;
	1524	:	1480;
	1525	:	0;
	1526	:	5;
	1527	:	1602;
	1528	:	1471;
	1529	:	0;
	1530	:	5;
	1531	:	1603;
	1532	:	1474;
	1533	:	0;
	1534	:	16;
	1535	:	1608;
	1536	:	1607;
	1537	:	0;
	1538	:	5;
	1539	:	1477;
	1540	:	1606;
	1541	:	0;
	1542	:	6;
	1543	:	1477;
	1544	:	1477;
	1545	:	1989;
	1546	:	5;
	1547	:	1602;
	1548	:	1472;
	1549	:	0;
	1550	:	5;
	1551	:	1603;
	1552	:	1475;
	1553	:	0;
	1554	:	16;
	1555	:	1608;
	1556	:	1607;
	1557	:	0;
	1558	:	5;
	1559	:	1478;
	1560	:	1606;
	1561	:	0;
	1562	:	6;
	1563	:	1478;
	1564	:	1478;
	1565	:	1990;
	1566	:	5;
	1567	:	1602;
	1568	:	1473;
	1569	:	0;
	1570	:	5;
	1571	:	1603;
	1572	:	1476;
	1573	:	0;
	1574	:	16;
	1575	:	1608;
	1576	:	1607;
	1577	:	0;
	1578	:	5;
	1579	:	1479;
	1580	:	1606;
	1581	:	0;
	1582	:	6;
	1583	:	1479;
	1584	:	1479;
	1585	:	1991;
	1586	:	1;
	1587	:	1469;
	1588	:	1477;
	1589	:	1478;
	1590	:	1;
	1591	:	1469;
	1592	:	1469;
	1593	:	1479;
	1594	:	1;
	1595	:	1469;
	1596	:	1469;
	1597	:	1988;
	1598	:	17;
	1599	:	1470;
	1600	:	0;
	1601	:	0;
	1602	:	0;
	1603	:	0;
	1604	:	0;
	1605	:	0;
	1606	:	0;
	1607	:	0;
	1608	:	2;
	1609	:	1605;
	1610	:	1986;
	1611	:	1604;
	1612	:	3;
	1613	:	1602;
	1614	:	1602;
	1615	:	1604;
	1616	:	3;
	1617	:	1603;
	1618	:	1603;
	1619	:	1605;
	1620	:	4;
	1621	:	1602;
	1622	:	1602;
	1623	:	1986;
	1624	:	4;
	1625	:	1603;
	1626	:	1603;
	1627	:	1986;
	1628	:	1;
	1629	:	1606;
	1630	:	1602;
	1631	:	1603;
	1632	:	17;
	1633	:	1607;
	1634	:	0;
	1635	:	0;
	1636	:	0;
	1637	:	0;
	1638	:	5;
	1639	:	1359;
	1640	:	1965;
	1641	:	0;
	1642	:	5;
	1643	:	1360;
	1644	:	1965;
	1645	:	0;
	1646	:	5;
	1647	:	1361;
	1648	:	1979;
	1649	:	0;
	1650	:	5;
	1651	:	1362;
	1652	:	1980;
	1653	:	0;
	1654	:	5;
	1655	:	1363;
	1656	:	1636;
	1657	:	0;
	1658	:	16;
	1659	:	1365;
	1660	:	1364;
	1661	:	0;
	1662	:	17;
	1663	:	1637;
	1664	:	0;
	1665	:	0;
	1666	:	0;
	1667	:	0;
	1668	:	0;
	1669	:	0;
	1670	:	0;
	1671	:	0;
	1672	:	0;
	1673	:	0;
	1674	:	0;
	1675	:	1;
	1676	:	1666;
	1677	:	1666;
	1678	:	1964;
	1679	:	13;
	1680	:	1747;
	1681	:	1672;
	1682	:	1667;
	1683	:	5;
	1684	:	1673;
	1685	:	1965;
	1686	:	0;
	1687	:	13;
	1688	:	1743;
	1689	:	1673;
	1690	:	1668;
	1691	:	1;
	1692	:	1359;
	1693	:	1672;
	1694	:	1669;
	1695	:	1;
	1696	:	1360;
	1697	:	1673;
	1698	:	1670;
	1699	:	1;
	1700	:	1361;
	1701	:	1359;
	1702	:	1964;
	1703	:	1;
	1704	:	1362;
	1705	:	1360;
	1706	:	1964;
	1707	:	3;
	1708	:	1674;
	1709	:	1673;
	1710	:	1667;
	1711	:	1;
	1712	:	1674;
	1713	:	1674;
	1714	:	1672;
	1715	:	1;
	1716	:	1674;
	1717	:	1674;
	1718	:	1666;
	1719	:	11;
	1720	:	1363;
	1721	:	0;
	1722	:	1674;
	1723	:	16;
	1724	:	1365;
	1725	:	1364;
	1726	:	0;
	1727	:	1;
	1728	:	1673;
	1729	:	1673;
	1730	:	1964;
	1731	:	13;
	1732	:	1687;
	1733	:	0;
	1734	:	0;
	1735	:	1;
	1736	:	1672;
	1737	:	1672;
	1738	:	1964;
	1739	:	13;
	1740	:	1679;
	1741	:	0;
	1742	:	0;
	1743	:	13;
	1744	:	1735;
	1745	:	0;
	1746	:	0;
	1747	:	13;
	1748	:	1751;
	1749	:	0;
	1750	:	0;
	1751	:	5;
	1752	:	1674;
	1753	:	1965;
	1754	:	0;
	1755	:	5;
	1756	:	1672;
	1757	:	1965;
	1758	:	0;
	1759	:	5;
	1760	:	1673;
	1761	:	1965;
	1762	:	0;
	1763	:	17;
	1764	:	1671;
	1765	:	0;
	1766	:	0;
	1767	:	0;
	1768	:	0;
	1769	:	0;
	1770	:	0;
	1771	:	0;
	1772	:	0;
	1773	:	0;
	1774	:	0;
	1775	:	0;
	1776	:	0;
	1777	:	0;
	1778	:	15;
	1779	:	0;
	1780	:	0;
	1781	:	8;
	1782	:	4;
	1783	:	0;
	1784	:	0;
	1785	:	1;
	1786	:	1767;
	1787	:	1767;
	1788	:	1964;
	1789	:	3;
	1790	:	1783;
	1791	:	1768;
	1792	:	1781;
	1793	:	13;
	1794	:	1925;
	1795	:	1773;
	1796	:	1768;
	1797	:	5;
	1798	:	1774;
	1799	:	1965;
	1800	:	0;
	1801	:	13;
	1802	:	1921;
	1803	:	1774;
	1804	:	1769;
	1805	:	5;
	1806	:	1775;
	1807	:	1965;
	1808	:	0;
	1809	:	3;
	1810	:	1777;
	1811	:	1774;
	1812	:	1768;
	1813	:	1;
	1814	:	1777;
	1815	:	1777;
	1816	:	1773;
	1817	:	1;
	1818	:	1777;
	1819	:	1777;
	1820	:	1767;
	1821	:	11;
	1822	:	1776;
	1823	:	0;
	1824	:	1777;
	1825	:	13;
	1826	:	1901;
	1827	:	1363;
	1828	:	1966;
	1829	:	13;
	1830	:	1917;
	1831	:	1775;
	1832	:	1781;
	1833	:	3;
	1834	:	1779;
	1835	:	1775;
	1836	:	1782;
	1837	:	10;
	1838	:	1780;
	1839	:	1776;
	1840	:	1779;
	1841	:	6;
	1842	:	1780;
	1843	:	1780;
	1844	:	1778;
	1845	:	13;
	1846	:	1893;
	1847	:	1780;
	1848	:	1778;
	1849	:	5;
	1850	:	1946;
	1851	:	1780;
	1852	:	0;
	1853	:	16;
	1854	:	1948;
	1855	:	1945;
	1856	:	0;
	1857	:	5;
	1858	:	1363;
	1859	:	1947;
	1860	:	0;
	1861	:	3;
	1862	:	1359;
	1863	:	1773;
	1864	:	1781;
	1865	:	1;
	1866	:	1359;
	1867	:	1359;
	1868	:	1770;
	1869	:	1;
	1870	:	1359;
	1871	:	1359;
	1872	:	1775;
	1873	:	1;
	1874	:	1360;
	1875	:	1774;
	1876	:	1771;
	1877	:	1;
	1878	:	1361;
	1879	:	1359;
	1880	:	1964;
	1881	:	1;
	1882	:	1362;
	1883	:	1360;
	1884	:	1964;
	1885	:	5;
	1886	:	1784;
	1887	:	1361;
	1888	:	0;
	1889	:	16;
	1890	:	1365;
	1891	:	1364;
	1892	:	0;
	1893	:	1;
	1894	:	1775;
	1895	:	1775;
	1896	:	1964;
	1897	:	13;
	1898	:	1829;
	1899	:	0;
	1900	:	0;
	1901	:	1;
	1902	:	1774;
	1903	:	1774;
	1904	:	1964;
	1905	:	13;
	1906	:	1801;
	1907	:	0;
	1908	:	0;
	1909	:	1;
	1910	:	1773;
	1911	:	1773;
	1912	:	1964;
	1913	:	13;
	1914	:	1793;
	1915	:	0;
	1916	:	0;
	1917	:	13;
	1918	:	1901;
	1919	:	0;
	1920	:	0;
	1921	:	13;
	1922	:	1909;
	1923	:	0;
	1924	:	0;
	1925	:	13;
	1926	:	1929;
	1927	:	0;
	1928	:	0;
	1929	:	5;
	1930	:	1777;
	1931	:	1965;
	1932	:	0;
	1933	:	5;
	1934	:	1773;
	1935	:	1965;
	1936	:	0;
	1937	:	5;
	1938	:	1774;
	1939	:	1965;
	1940	:	0;
	1941	:	17;
	1942	:	1772;
	1943	:	0;
	1944	:	0;
	1945	:	0;
	1946	:	0;
	1947	:	0;
	1948	:	3;
	1949	:	1946;
	1950	:	1946;
	1951	:	1987;
	1952	:	2;
	1953	:	1946;
	1954	:	1986;
	1955	:	1946;
	1956	:	9;
	1957	:	1947;
	1958	:	1946;
	1959	:	2000;
	1960	:	17;
	1961	:	1945;
	1962	:	0;
	1963	:	0;
	1964	:	1;
	1965	:	0;
	1966	:	-1;
	1967	:	2;
	1968	:	3;
	1969	:	4;
	1970	:	7;
	1971	:	14;
	1972	:	13;
	1973	:	12;
	1974	:	8;
	1975	:	11;
	1976	:	5;
	1977	:	26;
	1978	:	6;
	1979	:	639;
	1980	:	479;
	1981	:	640;
	1982	:	480;
	1983	:	16711680;
	1984	:	16777216;
	1985	:	256;
	1986	:	255;
	1987	:	16;
	1988	:	-16777216;
	1989	:	16711680;
	1990	:	65280;
	1991	:	255;
	1992	:	-2147483552;
	1993	:	-2147483551;
	1994	:	-2147483550;
	1995	:	-2147483549;
	1996	:	-2147483548;
	1997	:	-2147483547;
	1998	:	-2147483546;
	1999	:	-2147483545;
	2000	:	24;
	2001	:	0;
	2002	:	65;
	2003	:	66;
	2004	:	67;
	2005	:	68;
	2006	:	69;
	2007	:	70;
	2008	:	71;
	2009	:	72;
	2010	:	73;
	2011	:	74;
	2012	:	75;
	2013	:	76;
	2014	:	77;
	2015	:	78;
	2016	:	79;
	2017	:	80;
	2018	:	81;
	2019	:	82;
	2020	:	83;
	2021	:	84;
	2022	:	85;
	2023	:	86;
	2024	:	87;
	2025	:	88;
	2026	:	89;
	2027	:	90;
	2028	:	48;
	2029	:	49;
	2030	:	0;
	2031	:	1;
	2032	:	1;
	2033	:	0;
	2034	:	1;
	2035	:	1;
	2036	:	0;
	2037	:	0;
	2038	:	1;
	2039	:	0;
	2040	:	0;
	2041	:	1;
	2042	:	0;
	2043	:	0;
	2044	:	0;
	2045	:	-1;
	2046	:	-1;
	2047	:	-1;
	2048	:	-1;
	2049	:	-1;
	2050	:	0;
	2051	:	-1;
	2052	:	-1;
	2053	:	0;
	2054	:	-1;
	2055	:	-1;
	2056	:	0;
	2057	:	-1;
	2058	:	0;
	2059	:	0;
	2060	:	0;
	2061	:	-1;
	2062	:	0;
	2063	:	-1;
	2064	:	0;
	2065	:	0;
	2066	:	3;
	2067	:	24;
	2068	:	18;
	2069	:	1620;
	2070	:	2070;
	2071	:	268435455;
	2072	:	-256;
	2073	:	-1;
	2074	:	268435455;
	2075	:	-4096;
	2076	:	-1;
	2077	:	16777215;
	2078	:	-4096;
	2079	:	-1;
	2080	:	16777215;
	2081	:	-65536;
	2082	:	-1;
	2083	:	16777215;
	2084	:	-65521;
	2085	:	-1;
	2086	:	1048575;
	2087	:	-65281;
	2088	:	-1;
	2089	:	1048575;
	2090	:	-1048321;
	2091	:	-1;
	2092	:	-268369921;
	2093	:	-1048321;
	2094	:	-1;
	2095	:	-268369921;
	2096	:	-16773121;
	2097	:	-1;
	2098	:	-16711681;
	2099	:	-16773121;
	2100	:	-1;
	2101	:	-16773121;
	2102	:	-268369921;
	2103	:	-1;
	2104	:	4095;
	2105	:	-268435456;
	2106	:	-1;
	2107	:	255;
	2108	:	-268435456;
	2109	:	-1;
	2110	:	255;
	2111	:	0;
	2112	:	-1;
	2113	:	-1048321;
	2114	:	1048575;
	2115	:	-1;
	2116	:	-65521;
	2117	:	16777215;
	2118	:	-16;
	2119	:	-65521;
	2120	:	16777215;
	2121	:	-16;
	2122	:	-4096;
	2123	:	16777215;
	2124	:	-16;
	2125	:	-4096;
	2126	:	268435455;
	2127	:	-256;
	2128	:	-1;
	2129	:	-1;
	2130	:	-1;
	2131	:	-1;
	2132	:	-1;
	2133	:	-1;
	2134	:	-1;
	2135	:	-1;
	2136	:	-1;
	2137	:	-1;
	2138	:	-1;
	2139	:	-1;
	2140	:	-1;
	2141	:	-1;
	2142	:	-1;
	2143	:	-1;
	2144	:	-1;
	2145	:	-1;
	2146	:	-1;
	2147	:	-1;
	2148	:	-1;
	2149	:	-1;
	2150	:	-1;
	2151	:	-1;
	2152	:	-1;
	2153	:	-1;
	2154	:	-1;
	2155	:	-1;
	2156	:	-1;
	2157	:	-1;
	2158	:	-1;
	2159	:	-1;
	2160	:	-1;
	2161	:	-1;
	2162	:	-1;
	2163	:	-1;
	2164	:	-1;
	2165	:	-1;
	2166	:	-1;
	2167	:	-1;
	2168	:	-1;
	2169	:	-1;
	2170	:	-1;
	2171	:	-1;
	2172	:	-1;
	2173	:	-1;
	2174	:	-1;
	2175	:	-1;
	2176	:	-1;
	2177	:	-1;
	2178	:	-1;
	2179	:	-1;
	2180	:	-1;
	2181	:	-1;
	2182	:	-1;
	2183	:	-1;
	2184	:	-1;
	2185	:	-1;
	2186	:	-1;
	2187	:	-1;
	2188	:	-1;
	2189	:	-1;
	2190	:	-1;
	2191	:	-1;
	2192	:	-1;
	2193	:	-1;
	2194	:	-1;
	2195	:	-1;
	2196	:	-1;
	2197	:	-1;
	2198	:	-1;
	2199	:	-1;
	2200	:	-1;
	2201	:	-1;
	2202	:	-1;
	2203	:	-1;
	2204	:	-1;
	2205	:	-1;
	2206	:	-1;
	2207	:	-1;
	2208	:	-1;
	2209	:	-1;
	2210	:	-1;
	2211	:	-1;
	2212	:	255;
	2213	:	-1048576;
	2214	:	-1;
	2215	:	255;
	2216	:	-268435456;
	2217	:	-1;
	2218	:	-1048321;
	2219	:	-268431361;
	2220	:	-1;
	2221	:	-1048321;
	2222	:	1048575;
	2223	:	-1;
	2224	:	-1048321;
	2225	:	1048575;
	2226	:	-1;
	2227	:	-1048321;
	2228	:	1048575;
	2229	:	-1;
	2230	:	-1048321;
	2231	:	-268369921;
	2232	:	-1;
	2233	:	-1048321;
	2234	:	-268435201;
	2235	:	-1;
	2236	:	255;
	2237	:	-16777216;
	2238	:	-1;
	2239	:	255;
	2240	:	-268435456;
	2241	:	-1;
	2242	:	-1048321;
	2243	:	65535;
	2244	:	-1;
	2245	:	-1048321;
	2246	:	1048575;
	2247	:	-1;
	2248	:	-1048321;
	2249	:	16777215;
	2250	:	-16;
	2251	:	-1048321;
	2252	:	16777215;
	2253	:	-16;
	2254	:	-1048321;
	2255	:	1048575;
	2256	:	-16;
	2257	:	-1048321;
	2258	:	1048575;
	2259	:	-1;
	2260	:	255;
	2261	:	0;
	2262	:	-1;
	2263	:	255;
	2264	:	-268435456;
	2265	:	-1;
	2266	:	255;
	2267	:	-65536;
	2268	:	-1;
	2269	:	-1;
	2270	:	-1;
	2271	:	-1;
	2272	:	-1;
	2273	:	-1;
	2274	:	-1;
	2275	:	-1;
	2276	:	-1;
	2277	:	-1;
	2278	:	-1;
	2279	:	-1;
	2280	:	-1;
	2281	:	-1;
	2282	:	-1;
	2283	:	-1;
	2284	:	-1;
	2285	:	-1;
	2286	:	-1;
	2287	:	-1;
	2288	:	-1;
	2289	:	-1;
	2290	:	-1;
	2291	:	-1;
	2292	:	-1;
	2293	:	-1;
	2294	:	-1;
	2295	:	-1;
	2296	:	-1;
	2297	:	-1;
	2298	:	-1;
	2299	:	-1;
	2300	:	-1;
	2301	:	-1;
	2302	:	-1;
	2303	:	-1;
	2304	:	-1;
	2305	:	-1;
	2306	:	-1;
	2307	:	-1;
	2308	:	-1;
	2309	:	-1;
	2310	:	-1;
	2311	:	-1;
	2312	:	-1;
	2313	:	-1;
	2314	:	-1;
	2315	:	-1;
	2316	:	-1;
	2317	:	-1;
	2318	:	-1;
	2319	:	-1;
	2320	:	-1;
	2321	:	-1;
	2322	:	-1;
	2323	:	-1;
	2324	:	-1;
	2325	:	-1;
	2326	:	-1;
	2327	:	-1;
	2328	:	-1;
	2329	:	-1;
	2330	:	-1;
	2331	:	-1;
	2332	:	-1;
	2333	:	-1;
	2334	:	-1;
	2335	:	-1;
	2336	:	-1;
	2337	:	-1;
	2338	:	-1;
	2339	:	-1;
	2340	:	-1;
	2341	:	-1;
	2342	:	-1;
	2343	:	-1;
	2344	:	-1;
	2345	:	-1;
	2346	:	-1;
	2347	:	-1;
	2348	:	-1;
	2349	:	-1;
	2350	:	16777215;
	2351	:	-16777216;
	2352	:	-1;
	2353	:	1048575;
	2354	:	0;
	2355	:	-1;
	2356	:	65535;
	2357	:	1048575;
	2358	:	-16;
	2359	:	-16773121;
	2360	:	16777215;
	2361	:	-16;
	2362	:	-1048321;
	2363	:	268435455;
	2364	:	-256;
	2365	:	-1048321;
	2366	:	-1;
	2367	:	-16;
	2368	:	-1048321;
	2369	:	-1;
	2370	:	-1;
	2371	:	-65521;
	2372	:	-1;
	2373	:	-1;
	2374	:	-65521;
	2375	:	-1;
	2376	:	-1;
	2377	:	-65521;
	2378	:	-1;
	2379	:	-1;
	2380	:	-65521;
	2381	:	-1;
	2382	:	-1;
	2383	:	-65521;
	2384	:	-1;
	2385	:	-1;
	2386	:	-65281;
	2387	:	-1;
	2388	:	-16;
	2389	:	-1048321;
	2390	:	268435455;
	2391	:	-256;
	2392	:	-1048321;
	2393	:	268435455;
	2394	:	-256;
	2395	:	-16773121;
	2396	:	16777215;
	2397	:	-256;
	2398	:	4095;
	2399	:	1048575;
	2400	:	-16;
	2401	:	65535;
	2402	:	0;
	2403	:	-1;
	2404	:	16777215;
	2405	:	-16777216;
	2406	:	-1;
	2407	:	-1;
	2408	:	-1;
	2409	:	-1;
	2410	:	-1;
	2411	:	-1;
	2412	:	-1;
	2413	:	-1;
	2414	:	-1;
	2415	:	-1;
	2416	:	-1;
	2417	:	-1;
	2418	:	-1;
	2419	:	-1;
	2420	:	-1;
	2421	:	-1;
	2422	:	-1;
	2423	:	-1;
	2424	:	-1;
	2425	:	-1;
	2426	:	-1;
	2427	:	-1;
	2428	:	-1;
	2429	:	-1;
	2430	:	-1;
	2431	:	-1;
	2432	:	-1;
	2433	:	-1;
	2434	:	-1;
	2435	:	-1;
	2436	:	-1;
	2437	:	-1;
	2438	:	-1;
	2439	:	-1;
	2440	:	-1;
	2441	:	-1;
	2442	:	-1;
	2443	:	-1;
	2444	:	-1;
	2445	:	-1;
	2446	:	-1;
	2447	:	-1;
	2448	:	-1;
	2449	:	-1;
	2450	:	-1;
	2451	:	-1;
	2452	:	-1;
	2453	:	-1;
	2454	:	-1;
	2455	:	-1;
	2456	:	-1;
	2457	:	-1;
	2458	:	-1;
	2459	:	-1;
	2460	:	-1;
	2461	:	-1;
	2462	:	-1;
	2463	:	-1;
	2464	:	-1;
	2465	:	-1;
	2466	:	-1;
	2467	:	-1;
	2468	:	-1;
	2469	:	-1;
	2470	:	-1;
	2471	:	-1;
	2472	:	-1;
	2473	:	-1;
	2474	:	-1;
	2475	:	-1;
	2476	:	-1;
	2477	:	-1;
	2478	:	-1;
	2479	:	-1;
	2480	:	-1;
	2481	:	-1;
	2482	:	-1;
	2483	:	-1;
	2484	:	-1;
	2485	:	-1;
	2486	:	-1;
	2487	:	-1;
	2488	:	4095;
	2489	:	-65536;
	2490	:	-1;
	2491	:	255;
	2492	:	-16777216;
	2493	:	-1;
	2494	:	255;
	2495	:	0;
	2496	:	-1;
	2497	:	-1048321;
	2498	:	65535;
	2499	:	-1;
	2500	:	-1048321;
	2501	:	16777215;
	2502	:	-16;
	2503	:	-1048321;
	2504	:	16777215;
	2505	:	-256;
	2506	:	-1048321;
	2507	:	268435455;
	2508	:	-256;
	2509	:	-1048321;
	2510	:	268435455;
	2511	:	-256;
	2512	:	-1048321;
	2513	:	268435455;
	2514	:	-256;
	2515	:	-1048321;
	2516	:	268435455;
	2517	:	-256;
	2518	:	-1048321;
	2519	:	268435455;
	2520	:	-256;
	2521	:	-1048321;
	2522	:	268435455;
	2523	:	-256;
	2524	:	-1048321;
	2525	:	268435455;
	2526	:	-256;
	2527	:	-1048321;
	2528	:	268435455;
	2529	:	-256;
	2530	:	-1048321;
	2531	:	16777215;
	2532	:	-16;
	2533	:	-1048321;
	2534	:	16777215;
	2535	:	-16;
	2536	:	-1048321;
	2537	:	65535;
	2538	:	-1;
	2539	:	255;
	2540	:	-268435456;
	2541	:	-1;
	2542	:	255;
	2543	:	-16777216;
	2544	:	-1;
	2545	:	4095;
	2546	:	-16;
	2547	:	-1;
	2548	:	-1;
	2549	:	-1;
	2550	:	-1;
	2551	:	-1;
	2552	:	-1;
	2553	:	-1;
	2554	:	-1;
	2555	:	-1;
	2556	:	-1;
	2557	:	-1;
	2558	:	-1;
	2559	:	-1;
	2560	:	-1;
	2561	:	-1;
	2562	:	-1;
	2563	:	-1;
	2564	:	-1;
	2565	:	-1;
	2566	:	-1;
	2567	:	-1;
	2568	:	-1;
	2569	:	-1;
	2570	:	-1;
	2571	:	-1;
	2572	:	-1;
	2573	:	-1;
	2574	:	-1;
	2575	:	-1;
	2576	:	-1;
	2577	:	-1;
	2578	:	-1;
	2579	:	-1;
	2580	:	-1;
	2581	:	-1;
	2582	:	-1;
	2583	:	-1;
	2584	:	-1;
	2585	:	-1;
	2586	:	-1;
	2587	:	-1;
	2588	:	-1;
	2589	:	-1;
	2590	:	-1;
	2591	:	-1;
	2592	:	-1;
	2593	:	-1;
	2594	:	-1;
	2595	:	-1;
	2596	:	-1;
	2597	:	-1;
	2598	:	-1;
	2599	:	-1;
	2600	:	-1;
	2601	:	-1;
	2602	:	-1;
	2603	:	-1;
	2604	:	-1;
	2605	:	-1;
	2606	:	-1;
	2607	:	-1;
	2608	:	-1;
	2609	:	-1;
	2610	:	-1;
	2611	:	-1;
	2612	:	-1;
	2613	:	-1;
	2614	:	-1;
	2615	:	-1;
	2616	:	-1;
	2617	:	-1;
	2618	:	-1;
	2619	:	-1;
	2620	:	-1;
	2621	:	-1;
	2622	:	-1;
	2623	:	-1;
	2624	:	-1;
	2625	:	-1;
	2626	:	-1;
	2627	:	-1;
	2628	:	-1;
	2629	:	255;
	2630	:	0;
	2631	:	-1;
	2632	:	255;
	2633	:	0;
	2634	:	-1;
	2635	:	-1048321;
	2636	:	-1;
	2637	:	-1;
	2638	:	-1048321;
	2639	:	-1;
	2640	:	-1;
	2641	:	-1048321;
	2642	:	-1;
	2643	:	-1;
	2644	:	-1048321;
	2645	:	-1;
	2646	:	-1;
	2647	:	-1048321;
	2648	:	-1;
	2649	:	-1;
	2650	:	-1048321;
	2651	:	-1;
	2652	:	-1;
	2653	:	255;
	2654	:	0;
	2655	:	-1;
	2656	:	255;
	2657	:	-268435456;
	2658	:	-1;
	2659	:	-1048321;
	2660	:	-1;
	2661	:	-1;
	2662	:	-1048321;
	2663	:	-1;
	2664	:	-1;
	2665	:	-1048321;
	2666	:	-1;
	2667	:	-1;
	2668	:	-1048321;
	2669	:	-1;
	2670	:	-1;
	2671	:	-1048321;
	2672	:	-1;
	2673	:	-1;
	2674	:	-1048321;
	2675	:	-1;
	2676	:	-1;
	2677	:	255;
	2678	:	0;
	2679	:	-1;
	2680	:	255;
	2681	:	0;
	2682	:	-16;
	2683	:	255;
	2684	:	0;
	2685	:	-1;
	2686	:	-1;
	2687	:	-1;
	2688	:	-1;
	2689	:	-1;
	2690	:	-1;
	2691	:	-1;
	2692	:	-1;
	2693	:	-1;
	2694	:	-1;
	2695	:	-1;
	2696	:	-1;
	2697	:	-1;
	2698	:	-1;
	2699	:	-1;
	2700	:	-1;
	2701	:	-1;
	2702	:	-1;
	2703	:	-1;
	2704	:	-1;
	2705	:	-1;
	2706	:	-1;
	2707	:	-1;
	2708	:	-1;
	2709	:	-1;
	2710	:	-1;
	2711	:	-1;
	2712	:	-1;
	2713	:	-1;
	2714	:	-1;
	2715	:	-1;
	2716	:	-1;
	2717	:	-1;
	2718	:	-1;
	2719	:	-1;
	2720	:	-1;
	2721	:	-1;
	2722	:	-1;
	2723	:	-1;
	2724	:	-1;
	2725	:	-1;
	2726	:	-1;
	2727	:	-1;
	2728	:	-1;
	2729	:	-1;
	2730	:	-1;
	2731	:	-1;
	2732	:	-1;
	2733	:	-1;
	2734	:	-1;
	2735	:	-1;
	2736	:	-1;
	2737	:	-1;
	2738	:	-1;
	2739	:	-1;
	2740	:	-1;
	2741	:	-1;
	2742	:	-1;
	2743	:	-1;
	2744	:	-1;
	2745	:	-1;
	2746	:	-1;
	2747	:	-1;
	2748	:	-1;
	2749	:	-1;
	2750	:	-1;
	2751	:	-1;
	2752	:	-1;
	2753	:	-1;
	2754	:	-1;
	2755	:	-1;
	2756	:	-1;
	2757	:	-1;
	2758	:	-1;
	2759	:	-1;
	2760	:	-1;
	2761	:	-1;
	2762	:	-1;
	2763	:	-1;
	2764	:	-1;
	2765	:	-1;
	2766	:	-1;
	2767	:	255;
	2768	:	-268435456;
	2769	:	-1;
	2770	:	255;
	2771	:	-268435456;
	2772	:	-1;
	2773	:	255;
	2774	:	-16777216;
	2775	:	-1;
	2776	:	-1048321;
	2777	:	-1;
	2778	:	-1;
	2779	:	-1048321;
	2780	:	-1;
	2781	:	-1;
	2782	:	-1048321;
	2783	:	-1;
	2784	:	-1;
	2785	:	-1048321;
	2786	:	-1;
	2787	:	-1;
	2788	:	-1048321;
	2789	:	-1;
	2790	:	-1;
	2791	:	255;
	2792	:	-16777216;
	2793	:	-1;
	2794	:	255;
	2795	:	-16777216;
	2796	:	-1;
	2797	:	255;
	2798	:	-1048576;
	2799	:	-1;
	2800	:	-1048321;
	2801	:	-1;
	2802	:	-1;
	2803	:	-1048321;
	2804	:	-1;
	2805	:	-1;
	2806	:	-1048321;
	2807	:	-1;
	2808	:	-1;
	2809	:	-1048321;
	2810	:	-1;
	2811	:	-1;
	2812	:	-1048321;
	2813	:	-1;
	2814	:	-1;
	2815	:	-1048321;
	2816	:	-1;
	2817	:	-1;
	2818	:	-1048321;
	2819	:	-1;
	2820	:	-1;
	2821	:	-1048321;
	2822	:	-1;
	2823	:	-1;
	2824	:	-1;
	2825	:	-1;
	2826	:	-1;
	2827	:	-1;
	2828	:	-1;
	2829	:	-1;
	2830	:	-1;
	2831	:	-1;
	2832	:	-1;
	2833	:	-1;
	2834	:	-1;
	2835	:	-1;
	2836	:	-1;
	2837	:	-1;
	2838	:	-1;
	2839	:	-1;
	2840	:	-1;
	2841	:	-1;
	2842	:	-1;
	2843	:	-1;
	2844	:	-1;
	2845	:	-1;
	2846	:	-1;
	2847	:	-1;
	2848	:	-1;
	2849	:	-1;
	2850	:	-1;
	2851	:	-1;
	2852	:	-1;
	2853	:	-1;
	2854	:	-1;
	2855	:	-1;
	2856	:	-1;
	2857	:	-1;
	2858	:	-1;
	2859	:	-1;
	2860	:	-1;
	2861	:	-1;
	2862	:	-1;
	2863	:	-1;
	2864	:	-1;
	2865	:	-1;
	2866	:	-1;
	2867	:	-1;
	2868	:	-1;
	2869	:	-1;
	2870	:	-1;
	2871	:	-1;
	2872	:	-1;
	2873	:	-1;
	2874	:	-1;
	2875	:	-1;
	2876	:	-1;
	2877	:	-1;
	2878	:	-1;
	2879	:	-1;
	2880	:	-1;
	2881	:	-1;
	2882	:	-1;
	2883	:	-1;
	2884	:	-1;
	2885	:	-1;
	2886	:	-1;
	2887	:	-1;
	2888	:	-1;
	2889	:	-1;
	2890	:	-1;
	2891	:	-1;
	2892	:	-1;
	2893	:	-1;
	2894	:	-1;
	2895	:	-1;
	2896	:	-1;
	2897	:	-1;
	2898	:	-1;
	2899	:	-1;
	2900	:	-1;
	2901	:	-1;
	2902	:	-1;
	2903	:	-1;
	2904	:	-1;
	2905	:	-1;
	2906	:	-16777216;
	2907	:	-1;
	2908	:	16777215;
	2909	:	0;
	2910	:	-1;
	2911	:	65535;
	2912	:	0;
	2913	:	-256;
	2914	:	-268431361;
	2915	:	268435455;
	2916	:	-256;
	2917	:	-16773121;
	2918	:	-1;
	2919	:	-4096;
	2920	:	-1048321;
	2921	:	-1;
	2922	:	-4096;
	2923	:	-1048321;
	2924	:	-1;
	2925	:	-1;
	2926	:	-65281;
	2927	:	-1;
	2928	:	-1;
	2929	:	-65521;
	2930	:	-1;
	2931	:	-1;
	2932	:	-65521;
	2933	:	-1;
	2934	:	-1;
	2935	:	-65521;
	2936	:	4095;
	2937	:	-4096;
	2938	:	-65521;
	2939	:	4095;
	2940	:	-65536;
	2941	:	-65281;
	2942	:	-1;
	2943	:	-65521;
	2944	:	-1048321;
	2945	:	-1;
	2946	:	-65521;
	2947	:	-1048321;
	2948	:	-1;
	2949	:	-65521;
	2950	:	-16773121;
	2951	:	-1;
	2952	:	-65536;
	2953	:	4095;
	2954	:	268435455;
	2955	:	-4096;
	2956	:	65535;
	2957	:	0;
	2958	:	-4096;
	2959	:	16777215;
	2960	:	0;
	2961	:	-16;
	2962	:	-1;
	2963	:	-16777216;
	2964	:	-1;
	2965	:	-1;
	2966	:	-1;
	2967	:	-1;
	2968	:	-1;
	2969	:	-1;
	2970	:	-1;
	2971	:	-1;
	2972	:	-1;
	2973	:	-1;
	2974	:	-1;
	2975	:	-1;
	2976	:	-1;
	2977	:	-1;
	2978	:	-1;
	2979	:	-1;
	2980	:	-1;
	2981	:	-1;
	2982	:	-1;
	2983	:	-1;
	2984	:	-1;
	2985	:	-1;
	2986	:	-1;
	2987	:	-1;
	2988	:	-1;
	2989	:	-1;
	2990	:	-1;
	2991	:	-1;
	2992	:	-1;
	2993	:	-1;
	2994	:	-1;
	2995	:	-1;
	2996	:	-1;
	2997	:	-1;
	2998	:	-1;
	2999	:	-1;
	3000	:	-1;
	3001	:	-1;
	3002	:	-1;
	3003	:	-1;
	3004	:	-1;
	3005	:	-1;
	3006	:	-1;
	3007	:	-1;
	3008	:	-1;
	3009	:	-1;
	3010	:	-1;
	3011	:	-1;
	3012	:	-1;
	3013	:	-1;
	3014	:	-1;
	3015	:	-1;
	3016	:	-1;
	3017	:	-1;
	3018	:	-1;
	3019	:	-1;
	3020	:	-1;
	3021	:	-1;
	3022	:	-1;
	3023	:	-1;
	3024	:	-1;
	3025	:	-1;
	3026	:	-1;
	3027	:	-1;
	3028	:	-1;
	3029	:	-1;
	3030	:	-1;
	3031	:	-1;
	3032	:	-1;
	3033	:	-1;
	3034	:	-1;
	3035	:	-1;
	3036	:	-1;
	3037	:	-1;
	3038	:	-1;
	3039	:	-1;
	3040	:	-1;
	3041	:	-1;
	3042	:	-1;
	3043	:	-1048321;
	3044	:	268435455;
	3045	:	-16;
	3046	:	-1048321;
	3047	:	268435455;
	3048	:	-16;
	3049	:	-1048321;
	3050	:	268435455;
	3051	:	-16;
	3052	:	-1048321;
	3053	:	268435455;
	3054	:	-16;
	3055	:	-1048321;
	3056	:	268435455;
	3057	:	-16;
	3058	:	-1048321;
	3059	:	268435455;
	3060	:	-16;
	3061	:	-1048321;
	3062	:	268435455;
	3063	:	-16;
	3064	:	-1048321;
	3065	:	268435455;
	3066	:	-16;
	3067	:	255;
	3068	:	0;
	3069	:	-16;
	3070	:	255;
	3071	:	0;
	3072	:	-16;
	3073	:	255;
	3074	:	0;
	3075	:	-16;
	3076	:	-1048321;
	3077	:	268435455;
	3078	:	-16;
	3079	:	-1048321;
	3080	:	268435455;
	3081	:	-16;
	3082	:	-1048321;
	3083	:	268435455;
	3084	:	-16;
	3085	:	-1048321;
	3086	:	268435455;
	3087	:	-16;
	3088	:	-1048321;
	3089	:	268435455;
	3090	:	-16;
	3091	:	-1048321;
	3092	:	268435455;
	3093	:	-16;
	3094	:	-1048321;
	3095	:	268435455;
	3096	:	-16;
	3097	:	-1048321;
	3098	:	268435455;
	3099	:	-16;
	3100	:	-1;
	3101	:	-1;
	3102	:	-1;
	3103	:	-1;
	3104	:	-1;
	3105	:	-1;
	3106	:	-1;
	3107	:	-1;
	3108	:	-1;
	3109	:	-1;
	3110	:	-1;
	3111	:	-1;
	3112	:	-1;
	3113	:	-1;
	3114	:	-1;
	3115	:	-1;
	3116	:	-1;
	3117	:	-1;
	3118	:	-1;
	3119	:	-1;
	3120	:	-1;
	3121	:	-1;
	3122	:	-1;
	3123	:	-1;
	3124	:	-1;
	3125	:	-1;
	3126	:	-1;
	3127	:	-1;
	3128	:	-1;
	3129	:	-1;
	3130	:	-1;
	3131	:	-1;
	3132	:	-1;
	3133	:	-1;
	3134	:	-1;
	3135	:	-1;
	3136	:	-1;
	3137	:	-1;
	3138	:	-1;
	3139	:	-1;
	3140	:	-1;
	3141	:	-1;
	3142	:	-1;
	3143	:	-1;
	3144	:	-1;
	3145	:	-1;
	3146	:	-1;
	3147	:	-1;
	3148	:	-1;
	3149	:	-1;
	3150	:	-1;
	3151	:	-1;
	3152	:	-1;
	3153	:	-1;
	3154	:	-1;
	3155	:	-1;
	3156	:	-1;
	3157	:	-1;
	3158	:	-1;
	3159	:	-1;
	3160	:	-1;
	3161	:	-1;
	3162	:	-1;
	3163	:	-1;
	3164	:	-1;
	3165	:	-1;
	3166	:	-1;
	3167	:	-1;
	3168	:	-1;
	3169	:	-1;
	3170	:	-1;
	3171	:	-1;
	3172	:	-1;
	3173	:	-1;
	3174	:	-1;
	3175	:	-1;
	3176	:	-1;
	3177	:	-1;
	3178	:	-1;
	3179	:	-1;
	3180	:	-1;
	3181	:	-1;
	3182	:	-1;
	3183	:	-1;
	3184	:	-1048321;
	3185	:	-1;
	3186	:	-1;
	3187	:	-1048321;
	3188	:	-1;
	3189	:	-1;
	3190	:	-1048321;
	3191	:	-1;
	3192	:	-1;
	3193	:	-1048321;
	3194	:	-1;
	3195	:	-1;
	3196	:	-1048321;
	3197	:	-1;
	3198	:	-1;
	3199	:	-1048321;
	3200	:	-1;
	3201	:	-1;
	3202	:	-1048321;
	3203	:	-1;
	3204	:	-1;
	3205	:	-1048321;
	3206	:	-1;
	3207	:	-1;
	3208	:	-1048321;
	3209	:	-1;
	3210	:	-1;
	3211	:	-1048321;
	3212	:	-1;
	3213	:	-1;
	3214	:	-1048321;
	3215	:	-1;
	3216	:	-1;
	3217	:	-1048321;
	3218	:	-1;
	3219	:	-1;
	3220	:	-1048321;
	3221	:	-1;
	3222	:	-1;
	3223	:	-1048321;
	3224	:	-1;
	3225	:	-1;
	3226	:	-1048321;
	3227	:	-1;
	3228	:	-1;
	3229	:	-1048321;
	3230	:	-1;
	3231	:	-1;
	3232	:	-1048321;
	3233	:	-1;
	3234	:	-1;
	3235	:	-1048321;
	3236	:	-1;
	3237	:	-1;
	3238	:	-1044481;
	3239	:	-1;
	3240	:	-1;
	3241	:	-1;
	3242	:	-1;
	3243	:	-1;
	3244	:	-1;
	3245	:	-1;
	3246	:	-1;
	3247	:	-1;
	3248	:	-1;
	3249	:	-1;
	3250	:	-1;
	3251	:	-1;
	3252	:	-1;
	3253	:	-1;
	3254	:	-1;
	3255	:	-1;
	3256	:	-1;
	3257	:	-1;
	3258	:	-1;
	3259	:	-1;
	3260	:	-1;
	3261	:	-1;
	3262	:	-1;
	3263	:	-1;
	3264	:	-1;
	3265	:	-1;
	3266	:	-1;
	3267	:	-1;
	3268	:	-1;
	3269	:	-1;
	3270	:	-1;
	3271	:	-1;
	3272	:	-1;
	3273	:	-1;
	3274	:	-1;
	3275	:	-1;
	3276	:	-1;
	3277	:	-1;
	3278	:	-1;
	3279	:	-1;
	3280	:	-1;
	3281	:	-1;
	3282	:	-1;
	3283	:	-1;
	3284	:	-1;
	3285	:	-1;
	3286	:	-1;
	3287	:	-1;
	3288	:	-1;
	3289	:	-1;
	3290	:	-1;
	3291	:	-1;
	3292	:	-1;
	3293	:	-1;
	3294	:	-1;
	3295	:	-1;
	3296	:	-1;
	3297	:	-1;
	3298	:	-1;
	3299	:	-1;
	3300	:	-1;
	3301	:	-1;
	3302	:	-1;
	3303	:	-1;
	3304	:	-1;
	3305	:	-1;
	3306	:	-1;
	3307	:	-1;
	3308	:	-1;
	3309	:	-1;
	3310	:	-1;
	3311	:	-1;
	3312	:	-1;
	3313	:	-1;
	3314	:	-1;
	3315	:	-1;
	3316	:	-1;
	3317	:	-1;
	3318	:	-1;
	3319	:	-1;
	3320	:	-1;
	3321	:	-1;
	3322	:	-1;
	3323	:	-4081;
	3324	:	-1;
	3325	:	-1;
	3326	:	-65521;
	3327	:	-1;
	3328	:	-1;
	3329	:	-65521;
	3330	:	-1;
	3331	:	-1;
	3332	:	-65521;
	3333	:	-1;
	3334	:	-1;
	3335	:	-65521;
	3336	:	-1;
	3337	:	-1;
	3338	:	-65521;
	3339	:	-1;
	3340	:	-1;
	3341	:	-65521;
	3342	:	-1;
	3343	:	-1;
	3344	:	-65521;
	3345	:	-1;
	3346	:	-1;
	3347	:	-65521;
	3348	:	-1;
	3349	:	-1;
	3350	:	-65521;
	3351	:	-1;
	3352	:	-1;
	3353	:	-65521;
	3354	:	-1;
	3355	:	-1;
	3356	:	-65521;
	3357	:	-1;
	3358	:	-1;
	3359	:	-65521;
	3360	:	-1;
	3361	:	-4081;
	3362	:	-65521;
	3363	:	-1;
	3364	:	-4081;
	3365	:	-4081;
	3366	:	-1;
	3367	:	-65521;
	3368	:	-4096;
	3369	:	-1;
	3370	:	267386895;
	3371	:	-4096;
	3372	:	-1;
	3373	:	255;
	3374	:	-256;
	3375	:	-1;
	3376	:	4095;
	3377	:	-16;
	3378	:	-1;
	3379	:	-1;
	3380	:	-1;
	3381	:	-1;
	3382	:	-1;
	3383	:	-1;
	3384	:	-1;
	3385	:	-1;
	3386	:	-1;
	3387	:	-1;
	3388	:	-1;
	3389	:	-1;
	3390	:	-1;
	3391	:	-1;
	3392	:	-1;
	3393	:	-1;
	3394	:	-1;
	3395	:	-1;
	3396	:	-1;
	3397	:	-1;
	3398	:	-1;
	3399	:	-1;
	3400	:	-1;
	3401	:	-1;
	3402	:	-1;
	3403	:	-1;
	3404	:	-1;
	3405	:	-1;
	3406	:	-1;
	3407	:	-1;
	3408	:	-1;
	3409	:	-1;
	3410	:	-1;
	3411	:	-1;
	3412	:	-1;
	3413	:	-1;
	3414	:	-1;
	3415	:	-1;
	3416	:	-1;
	3417	:	-1;
	3418	:	-1;
	3419	:	-1;
	3420	:	-1;
	3421	:	-1;
	3422	:	-1;
	3423	:	-1;
	3424	:	-1;
	3425	:	-1;
	3426	:	-1;
	3427	:	-1;
	3428	:	-1;
	3429	:	-1;
	3430	:	-1;
	3431	:	-1;
	3432	:	-1;
	3433	:	-1;
	3434	:	-1;
	3435	:	-1;
	3436	:	-1;
	3437	:	-1;
	3438	:	-1;
	3439	:	-1;
	3440	:	-1;
	3441	:	-1;
	3442	:	-1;
	3443	:	-1;
	3444	:	-1;
	3445	:	-1;
	3446	:	-1;
	3447	:	-1;
	3448	:	-1;
	3449	:	-1;
	3450	:	-1;
	3451	:	-1;
	3452	:	-1;
	3453	:	-1;
	3454	:	-1;
	3455	:	-1;
	3456	:	-1;
	3457	:	-1;
	3458	:	-1;
	3459	:	-1;
	3460	:	-65281;
	3461	:	16777215;
	3462	:	-16;
	3463	:	-1048321;
	3464	:	1048575;
	3465	:	-16;
	3466	:	-1048321;
	3467	:	65535;
	3468	:	-1;
	3469	:	-1048321;
	3470	:	-16773121;
	3471	:	-1;
	3472	:	-1048321;
	3473	:	-1048321;
	3474	:	-1;
	3475	:	-1048321;
	3476	:	-65521;
	3477	:	-1;
	3478	:	-1048321;
	3479	:	-4096;
	3480	:	-1;
	3481	:	267387135;
	3482	:	-256;
	3483	:	-1;
	3484	:	15728895;
	3485	:	-256;
	3486	:	-1;
	3487	:	255;
	3488	:	-4096;
	3489	:	-1;
	3490	:	-268435201;
	3491	:	-65536;
	3492	:	-1;
	3493	:	-16776961;
	3494	:	-65521;
	3495	:	-1;
	3496	:	-1048321;
	3497	:	-1048321;
	3498	:	-1;
	3499	:	-1048321;
	3500	:	-16776961;
	3501	:	-1;
	3502	:	-1048321;
	3503	:	-268431361;
	3504	:	-1;
	3505	:	-1048321;
	3506	:	-268369921;
	3507	:	-1;
	3508	:	-1048321;
	3509	:	65535;
	3510	:	-1;
	3511	:	-1048321;
	3512	:	1048575;
	3513	:	-16;
	3514	:	-1048321;
	3515	:	16777215;
	3516	:	-256;
	3517	:	-1;
	3518	:	-1;
	3519	:	-1;
	3520	:	-1;
	3521	:	-1;
	3522	:	-1;
	3523	:	-1;
	3524	:	-1;
	3525	:	-1;
	3526	:	-1;
	3527	:	-1;
	3528	:	-1;
	3529	:	-1;
	3530	:	-1;
	3531	:	-1;
	3532	:	-1;
	3533	:	-1;
	3534	:	-1;
	3535	:	-1;
	3536	:	-1;
	3537	:	-1;
	3538	:	-1;
	3539	:	-1;
	3540	:	-1;
	3541	:	-1;
	3542	:	-1;
	3543	:	-1;
	3544	:	-1;
	3545	:	-1;
	3546	:	-1;
	3547	:	-1;
	3548	:	-1;
	3549	:	-1;
	3550	:	-1;
	3551	:	-1;
	3552	:	-1;
	3553	:	-1;
	3554	:	-1;
	3555	:	-1;
	3556	:	-1;
	3557	:	-1;
	3558	:	-1;
	3559	:	-1;
	3560	:	-1;
	3561	:	-1;
	3562	:	-1;
	3563	:	-1;
	3564	:	-1;
	3565	:	-1;
	3566	:	-1;
	3567	:	-1;
	3568	:	-1;
	3569	:	-1;
	3570	:	-1;
	3571	:	-1;
	3572	:	-1;
	3573	:	-1;
	3574	:	-1;
	3575	:	-1;
	3576	:	-1;
	3577	:	-1;
	3578	:	-1;
	3579	:	-1;
	3580	:	-1;
	3581	:	-1;
	3582	:	-1;
	3583	:	-1;
	3584	:	-1;
	3585	:	-1;
	3586	:	-1;
	3587	:	-1;
	3588	:	-1;
	3589	:	-1;
	3590	:	-1;
	3591	:	-1;
	3592	:	-1;
	3593	:	-1;
	3594	:	-1;
	3595	:	-1;
	3596	:	-1;
	3597	:	-1;
	3598	:	-1;
	3599	:	-1;
	3600	:	-1;
	3601	:	-1048321;
	3602	:	-1;
	3603	:	-1;
	3604	:	-1048321;
	3605	:	-1;
	3606	:	-1;
	3607	:	-1048321;
	3608	:	-1;
	3609	:	-1;
	3610	:	-1048321;
	3611	:	-1;
	3612	:	-1;
	3613	:	-1048321;
	3614	:	-1;
	3615	:	-1;
	3616	:	-1048321;
	3617	:	-1;
	3618	:	-1;
	3619	:	-1048321;
	3620	:	-1;
	3621	:	-1;
	3622	:	-1048321;
	3623	:	-1;
	3624	:	-1;
	3625	:	-1048321;
	3626	:	-1;
	3627	:	-1;
	3628	:	-1048321;
	3629	:	-1;
	3630	:	-1;
	3631	:	-1048321;
	3632	:	-1;
	3633	:	-1;
	3634	:	-1048321;
	3635	:	-1;
	3636	:	-1;
	3637	:	-1048321;
	3638	:	-1;
	3639	:	-1;
	3640	:	-1048321;
	3641	:	-1;
	3642	:	-1;
	3643	:	-1048321;
	3644	:	-1;
	3645	:	-1;
	3646	:	-1048321;
	3647	:	-1;
	3648	:	-1;
	3649	:	255;
	3650	:	-16777216;
	3651	:	-1;
	3652	:	255;
	3653	:	-16777216;
	3654	:	-1;
	3655	:	255;
	3656	:	-16777216;
	3657	:	-1;
	3658	:	-1;
	3659	:	-1;
	3660	:	-1;
	3661	:	-1;
	3662	:	-1;
	3663	:	-1;
	3664	:	-1;
	3665	:	-1;
	3666	:	-1;
	3667	:	-1;
	3668	:	-1;
	3669	:	-1;
	3670	:	-1;
	3671	:	-1;
	3672	:	-1;
	3673	:	-1;
	3674	:	-1;
	3675	:	-1;
	3676	:	-1;
	3677	:	-1;
	3678	:	-1;
	3679	:	-1;
	3680	:	-1;
	3681	:	-1;
	3682	:	-1;
	3683	:	-1;
	3684	:	-1;
	3685	:	-1;
	3686	:	-1;
	3687	:	-1;
	3688	:	-1;
	3689	:	-1;
	3690	:	-1;
	3691	:	-1;
	3692	:	-1;
	3693	:	-1;
	3694	:	-1;
	3695	:	-1;
	3696	:	-1;
	3697	:	-1;
	3698	:	-1;
	3699	:	-1;
	3700	:	-1;
	3701	:	-1;
	3702	:	-1;
	3703	:	-1;
	3704	:	-1;
	3705	:	-1;
	3706	:	-1;
	3707	:	-1;
	3708	:	-1;
	3709	:	-1;
	3710	:	-1;
	3711	:	-1;
	3712	:	-1;
	3713	:	-1;
	3714	:	-1;
	3715	:	-1;
	3716	:	-1;
	3717	:	-1;
	3718	:	-1;
	3719	:	-1;
	3720	:	-1;
	3721	:	-1;
	3722	:	-1;
	3723	:	-1;
	3724	:	-1;
	3725	:	-1;
	3726	:	-1;
	3727	:	-1;
	3728	:	-1;
	3729	:	-1;
	3730	:	-1;
	3731	:	-1;
	3732	:	-1;
	3733	:	-1;
	3734	:	-1;
	3735	:	-1;
	3736	:	-1;
	3737	:	-1;
	3738	:	-1;
	3739	:	-16776961;
	3740	:	-1;
	3741	:	-65521;
	3742	:	-16776961;
	3743	:	-1;
	3744	:	-1048576;
	3745	:	-268435201;
	3746	:	-1;
	3747	:	-1048576;
	3748	:	-268435201;
	3749	:	-1;
	3750	:	-1048576;
	3751	:	255;
	3752	:	268435455;
	3753	:	-1048576;
	3754	:	255;
	3755	:	268435455;
	3756	:	-1048576;
	3757	:	15728895;
	3758	:	268435455;
	3759	:	-1048336;
	3760	:	15728895;
	3761	:	16777200;
	3762	:	-1048336;
	3763	:	15728895;
	3764	:	16777200;
	3765	:	-1048321;
	3766	:	267387135;
	3767	:	16777200;
	3768	:	-1048321;
	3769	:	267387135;
	3770	:	1048320;
	3771	:	-1048321;
	3772	:	267387135;
	3773	:	-267387136;
	3774	:	-1048321;
	3775	:	-1048321;
	3776	:	-267387136;
	3777	:	-1048321;
	3778	:	-1048321;
	3779	:	-16715776;
	3780	:	-1048321;
	3781	:	-1048321;
	3782	:	-16715776;
	3783	:	-1048321;
	3784	:	-1048321;
	3785	:	-16777201;
	3786	:	-1048321;
	3787	:	-1048321;
	3788	:	-1048561;
	3789	:	-1048321;
	3790	:	-1048321;
	3791	:	-1048561;
	3792	:	-1048321;
	3793	:	-65281;
	3794	:	-1048321;
	3795	:	-1048321;
	3796	:	-1;
	3797	:	-1;
	3798	:	-1;
	3799	:	-1;
	3800	:	-1;
	3801	:	-1;
	3802	:	-1;
	3803	:	-1;
	3804	:	-1;
	3805	:	-1;
	3806	:	-1;
	3807	:	-1;
	3808	:	-1;
	3809	:	-1;
	3810	:	-1;
	3811	:	-1;
	3812	:	-1;
	3813	:	-1;
	3814	:	-1;
	3815	:	-1;
	3816	:	-1;
	3817	:	-1;
	3818	:	-1;
	3819	:	-1;
	3820	:	-1;
	3821	:	-1;
	3822	:	-1;
	3823	:	-1;
	3824	:	-1;
	3825	:	-1;
	3826	:	-1;
	3827	:	-1;
	3828	:	-1;
	3829	:	-1;
	3830	:	-1;
	3831	:	-1;
	3832	:	-1;
	3833	:	-1;
	3834	:	-1;
	3835	:	-1;
	3836	:	-1;
	3837	:	-1;
	3838	:	-1;
	3839	:	-1;
	3840	:	-1;
	3841	:	-1;
	3842	:	-1;
	3843	:	-1;
	3844	:	-1;
	3845	:	-1;
	3846	:	-1;
	3847	:	-1;
	3848	:	-1;
	3849	:	-1;
	3850	:	-1;
	3851	:	-1;
	3852	:	-1;
	3853	:	-1;
	3854	:	-1;
	3855	:	-1;
	3856	:	-1;
	3857	:	-1;
	3858	:	-1;
	3859	:	-1;
	3860	:	-1;
	3861	:	-1;
	3862	:	-1;
	3863	:	-1;
	3864	:	-1;
	3865	:	-1;
	3866	:	-1;
	3867	:	-1;
	3868	:	-1;
	3869	:	-1;
	3870	:	-1;
	3871	:	-1;
	3872	:	-1;
	3873	:	-1;
	3874	:	-1;
	3875	:	-1;
	3876	:	-1;
	3877	:	-1048321;
	3878	:	268435455;
	3879	:	-16;
	3880	:	-16776961;
	3881	:	268435455;
	3882	:	-16;
	3883	:	-268435201;
	3884	:	268435455;
	3885	:	-16;
	3886	:	-268435201;
	3887	:	268435455;
	3888	:	-16;
	3889	:	255;
	3890	:	268435455;
	3891	:	-16;
	3892	:	255;
	3893	:	268435440;
	3894	:	-16;
	3895	:	15728895;
	3896	:	268435440;
	3897	:	-16;
	3898	:	267387135;
	3899	:	268435200;
	3900	:	-16;
	3901	:	-1048321;
	3902	:	268431360;
	3903	:	-16;
	3904	:	-1048321;
	3905	:	268369920;
	3906	:	-16;
	3907	:	-1048321;
	3908	:	268369935;
	3909	:	-16;
	3910	:	-1048321;
	3911	:	267387135;
	3912	:	-16;
	3913	:	-1048321;
	3914	:	251658495;
	3915	:	-16;
	3916	:	-1048321;
	3917	:	4095;
	3918	:	-16;
	3919	:	-1048321;
	3920	:	65535;
	3921	:	-16;
	3922	:	-1048321;
	3923	:	65535;
	3924	:	-16;
	3925	:	-1048321;
	3926	:	1048575;
	3927	:	-16;
	3928	:	-1048321;
	3929	:	16777215;
	3930	:	-16;
	3931	:	-65281;
	3932	:	268435455;
	3933	:	-16;
	3934	:	-1;
	3935	:	-1;
	3936	:	-1;
	3937	:	-1;
	3938	:	-1;
	3939	:	-1;
	3940	:	-1;
	3941	:	-1;
	3942	:	-1;
	3943	:	-1;
	3944	:	-1;
	3945	:	-1;
	3946	:	-1;
	3947	:	-1;
	3948	:	-1;
	3949	:	-1;
	3950	:	-1;
	3951	:	-1;
	3952	:	-1;
	3953	:	-1;
	3954	:	-1;
	3955	:	-1;
	3956	:	-1;
	3957	:	-1;
	3958	:	-1;
	3959	:	-1;
	3960	:	-1;
	3961	:	-1;
	3962	:	-1;
	3963	:	-1;
	3964	:	-1;
	3965	:	-1;
	3966	:	-1;
	3967	:	-1;
	3968	:	-1;
	3969	:	-1;
	3970	:	-1;
	3971	:	-1;
	3972	:	-1;
	3973	:	-1;
	3974	:	-1;
	3975	:	-1;
	3976	:	-1;
	3977	:	-1;
	3978	:	-1;
	3979	:	-1;
	3980	:	-1;
	3981	:	-1;
	3982	:	-1;
	3983	:	-1;
	3984	:	-1;
	3985	:	-1;
	3986	:	-1;
	3987	:	-1;
	3988	:	-1;
	3989	:	-1;
	3990	:	-1;
	3991	:	-1;
	3992	:	-1;
	3993	:	-1;
	3994	:	-1;
	3995	:	-1;
	3996	:	-1;
	3997	:	-1;
	3998	:	-1;
	3999	:	-1;
	4000	:	-1;
	4001	:	-1;
	4002	:	-1;
	4003	:	-1;
	4004	:	-1;
	4005	:	-1;
	4006	:	-1;
	4007	:	-1;
	4008	:	-1;
	4009	:	-1;
	4010	:	-1;
	4011	:	-1;
	4012	:	-1;
	4013	:	-1;
	4014	:	-1;
	4015	:	16777215;
	4016	:	-268435456;
	4017	:	-1;
	4018	:	1048575;
	4019	:	0;
	4020	:	-1;
	4021	:	65535;
	4022	:	1048575;
	4023	:	-16;
	4024	:	-16773121;
	4025	:	268435455;
	4026	:	-256;
	4027	:	-1048321;
	4028	:	-1;
	4029	:	-4096;
	4030	:	-1048321;
	4031	:	-1;
	4032	:	-4096;
	4033	:	-1048321;
	4034	:	-1;
	4035	:	-65521;
	4036	:	-65521;
	4037	:	-1;
	4038	:	-65521;
	4039	:	-65521;
	4040	:	-1;
	4041	:	-65521;
	4042	:	-65521;
	4043	:	-1;
	4044	:	-65521;
	4045	:	-65521;
	4046	:	-1;
	4047	:	-65521;
	4048	:	-65521;
	4049	:	-1;
	4050	:	-65521;
	4051	:	-65281;
	4052	:	-1;
	4053	:	-65521;
	4054	:	-1048321;
	4055	:	-1;
	4056	:	-4096;
	4057	:	-1048321;
	4058	:	-1;
	4059	:	-4096;
	4060	:	-16773121;
	4061	:	268435455;
	4062	:	-256;
	4063	:	65535;
	4064	:	1048575;
	4065	:	-256;
	4066	:	1048575;
	4067	:	0;
	4068	:	-1;
	4069	:	16777215;
	4070	:	-268435456;
	4071	:	-1;
	4072	:	-1;
	4073	:	-1;
	4074	:	-1;
	4075	:	-1;
	4076	:	-1;
	4077	:	-1;
	4078	:	-1;
	4079	:	-1;
	4080	:	-1;
	4081	:	-1;
	4082	:	-1;
	4083	:	-1;
	4084	:	-1;
	4085	:	-1;
	4086	:	-1;
	4087	:	-1;
	4088	:	-1;
	4089	:	-1;
	4090	:	-1;
	4091	:	-1;
	4092	:	-1;
	4093	:	-1;
	4094	:	-1;
	4095	:	-1;
	4096	:	-1;
	4097	:	-1;
	4098	:	-1;
	4099	:	-1;
	4100	:	-1;
	4101	:	-1;
	4102	:	-1;
	4103	:	-1;
	4104	:	-1;
	4105	:	-1;
	4106	:	-1;
	4107	:	-1;
	4108	:	-1;
	4109	:	-1;
	4110	:	-1;
	4111	:	-1;
	4112	:	-1;
	4113	:	-1;
	4114	:	-1;
	4115	:	-1;
	4116	:	-1;
	4117	:	-1;
	4118	:	-1;
	4119	:	-1;
	4120	:	-1;
	4121	:	-1;
	4122	:	-1;
	4123	:	-1;
	4124	:	-1;
	4125	:	-1;
	4126	:	-1;
	4127	:	-1;
	4128	:	-1;
	4129	:	-1;
	4130	:	-1;
	4131	:	-1;
	4132	:	-1;
	4133	:	-1;
	4134	:	-1;
	4135	:	-1;
	4136	:	-1;
	4137	:	-1;
	4138	:	-1;
	4139	:	-1;
	4140	:	-1;
	4141	:	-1;
	4142	:	-1;
	4143	:	-1;
	4144	:	-1;
	4145	:	-1;
	4146	:	-1;
	4147	:	-1;
	4148	:	-1;
	4149	:	-1;
	4150	:	-1;
	4151	:	-1;
	4152	:	-1;
	4153	:	255;
	4154	:	-16777216;
	4155	:	-1;
	4156	:	255;
	4157	:	-268435456;
	4158	:	-1;
	4159	:	-1048321;
	4160	:	65535;
	4161	:	-1;
	4162	:	-1048321;
	4163	:	1048575;
	4164	:	-16;
	4165	:	-1048321;
	4166	:	16777215;
	4167	:	-16;
	4168	:	-1048321;
	4169	:	16777215;
	4170	:	-16;
	4171	:	-1048321;
	4172	:	16777215;
	4173	:	-16;
	4174	:	-1048321;
	4175	:	1048575;
	4176	:	-16;
	4177	:	-1048321;
	4178	:	65535;
	4179	:	-1;
	4180	:	255;
	4181	:	-268435456;
	4182	:	-1;
	4183	:	255;
	4184	:	-16777216;
	4185	:	-1;
	4186	:	-1048321;
	4187	:	-1;
	4188	:	-1;
	4189	:	-1048321;
	4190	:	-1;
	4191	:	-1;
	4192	:	-1048321;
	4193	:	-1;
	4194	:	-1;
	4195	:	-1048321;
	4196	:	-1;
	4197	:	-1;
	4198	:	-1048321;
	4199	:	-1;
	4200	:	-1;
	4201	:	-1048321;
	4202	:	-1;
	4203	:	-1;
	4204	:	-1048321;
	4205	:	-1;
	4206	:	-1;
	4207	:	-65281;
	4208	:	-1;
	4209	:	-1;
	4210	:	-1;
	4211	:	-1;
	4212	:	-1;
	4213	:	-1;
	4214	:	-1;
	4215	:	-1;
	4216	:	-1;
	4217	:	-1;
	4218	:	-1;
	4219	:	-1;
	4220	:	-1;
	4221	:	-1;
	4222	:	-1;
	4223	:	-1;
	4224	:	-1;
	4225	:	-1;
	4226	:	-1;
	4227	:	-1;
	4228	:	-1;
	4229	:	-1;
	4230	:	-1;
	4231	:	-1;
	4232	:	-1;
	4233	:	-1;
	4234	:	-1;
	4235	:	-1;
	4236	:	-1;
	4237	:	-1;
	4238	:	-1;
	4239	:	-1;
	4240	:	-1;
	4241	:	-1;
	4242	:	-1;
	4243	:	-1;
	4244	:	-1;
	4245	:	-1;
	4246	:	-1;
	4247	:	-1;
	4248	:	-1;
	4249	:	-1;
	4250	:	-1;
	4251	:	-1;
	4252	:	-1;
	4253	:	-1;
	4254	:	-1;
	4255	:	-1;
	4256	:	-1;
	4257	:	-1;
	4258	:	-1;
	4259	:	-1;
	4260	:	-1;
	4261	:	-1;
	4262	:	-1;
	4263	:	-1;
	4264	:	-1;
	4265	:	-1;
	4266	:	-1;
	4267	:	-1;
	4268	:	-1;
	4269	:	-1;
	4270	:	-1;
	4271	:	-1;
	4272	:	-1;
	4273	:	-1;
	4274	:	-1;
	4275	:	-1;
	4276	:	-1;
	4277	:	-1;
	4278	:	-1;
	4279	:	-1;
	4280	:	-1;
	4281	:	-1;
	4282	:	-1;
	4283	:	-1;
	4284	:	-1;
	4285	:	-1;
	4286	:	-1;
	4287	:	-1;
	4288	:	-1;
	4289	:	-1;
	4290	:	-1;
	4291	:	268435455;
	4292	:	-16777216;
	4293	:	-1;
	4294	:	1048575;
	4295	:	0;
	4296	:	-1;
	4297	:	65535;
	4298	:	65520;
	4299	:	-16;
	4300	:	-16773121;
	4301	:	16777215;
	4302	:	-256;
	4303	:	-1048321;
	4304	:	268435455;
	4305	:	-4096;
	4306	:	-1048321;
	4307	:	-1;
	4308	:	-4096;
	4309	:	-65521;
	4310	:	-1;
	4311	:	-4096;
	4312	:	-65521;
	4313	:	-1;
	4314	:	-65521;
	4315	:	-65521;
	4316	:	-1;
	4317	:	-65521;
	4318	:	-65521;
	4319	:	-1;
	4320	:	-65521;
	4321	:	-65521;
	4322	:	-1;
	4323	:	-65521;
	4324	:	-65521;
	4325	:	-1;
	4326	:	-65521;
	4327	:	-65521;
	4328	:	-1;
	4329	:	-4081;
	4330	:	-1048321;
	4331	:	-1;
	4332	:	-4096;
	4333	:	-1048321;
	4334	:	-1044481;
	4335	:	-4096;
	4336	:	-16773121;
	4337	:	4095;
	4338	:	-256;
	4339	:	4095;
	4340	:	65535;
	4341	:	-256;
	4342	:	65535;
	4343	:	0;
	4344	:	-256;
	4345	:	16777215;
	4346	:	0;
	4347	:	-4096;
	4348	:	-1;
	4349	:	-4081;
	4350	:	-65521;
	4351	:	-1;
	4352	:	-1;
	4353	:	-1;
	4354	:	-1;
	4355	:	-1;
	4356	:	-1;
	4357	:	-1;
	4358	:	-1;
	4359	:	-1;
	4360	:	-1;
	4361	:	-1;
	4362	:	-1;
	4363	:	-1;
	4364	:	-1;
	4365	:	-1;
	4366	:	-1;
	4367	:	-1;
	4368	:	-1;
	4369	:	-1;
	4370	:	-1;
	4371	:	-1;
	4372	:	-1;
	4373	:	-1;
	4374	:	-1;
	4375	:	-1;
	4376	:	-1;
	4377	:	-1;
	4378	:	-1;
	4379	:	-1;
	4380	:	-1;
	4381	:	-1;
	4382	:	-1;
	4383	:	-1;
	4384	:	-1;
	4385	:	-1;
	4386	:	-1;
	4387	:	-1;
	4388	:	-1;
	4389	:	-1;
	4390	:	-1;
	4391	:	-1;
	4392	:	-1;
	4393	:	-1;
	4394	:	-1;
	4395	:	-1;
	4396	:	-1;
	4397	:	-1;
	4398	:	-1;
	4399	:	-1;
	4400	:	-1;
	4401	:	-1;
	4402	:	-1;
	4403	:	-1;
	4404	:	-1;
	4405	:	-1;
	4406	:	-1;
	4407	:	-1;
	4408	:	-1;
	4409	:	-1;
	4410	:	-1;
	4411	:	-1;
	4412	:	-1;
	4413	:	-1;
	4414	:	-1;
	4415	:	-1;
	4416	:	-1;
	4417	:	-1;
	4418	:	-1;
	4419	:	-1;
	4420	:	-1;
	4421	:	-1;
	4422	:	-1;
	4423	:	-1;
	4424	:	-1;
	4425	:	-1;
	4426	:	-1;
	4427	:	-1;
	4428	:	-1;
	4429	:	4095;
	4430	:	-65536;
	4431	:	-1;
	4432	:	255;
	4433	:	0;
	4434	:	-1;
	4435	:	255;
	4436	:	0;
	4437	:	-16;
	4438	:	-1048321;
	4439	:	16777215;
	4440	:	-16;
	4441	:	-1048321;
	4442	:	268435455;
	4443	:	-256;
	4444	:	-1048321;
	4445	:	268435455;
	4446	:	-256;
	4447	:	-1048321;
	4448	:	268435455;
	4449	:	-256;
	4450	:	-1048321;
	4451	:	16777215;
	4452	:	-16;
	4453	:	-1048321;
	4454	:	65535;
	4455	:	-16;
	4456	:	255;
	4457	:	0;
	4458	:	-1;
	4459	:	255;
	4460	:	-16777216;
	4461	:	-1;
	4462	:	-1048321;
	4463	:	-16776961;
	4464	:	-1;
	4465	:	-1048321;
	4466	:	-268431361;
	4467	:	-1;
	4468	:	-1048321;
	4469	:	-268369921;
	4470	:	-1;
	4471	:	-1048321;
	4472	:	1048575;
	4473	:	-1;
	4474	:	-1048321;
	4475	:	1048575;
	4476	:	-16;
	4477	:	-1048321;
	4478	:	16777215;
	4479	:	-16;
	4480	:	-1048321;
	4481	:	268435455;
	4482	:	-256;
	4483	:	-1048321;
	4484	:	268435455;
	4485	:	-4096;
	4486	:	-61441;
	4487	:	-1;
	4488	:	-256;
	4489	:	-1;
	4490	:	-1;
	4491	:	-1;
	4492	:	-1;
	4493	:	-1;
	4494	:	-1;
	4495	:	-1;
	4496	:	-1;
	4497	:	-1;
	4498	:	-1;
	4499	:	-1;
	4500	:	-1;
	4501	:	-1;
	4502	:	-1;
	4503	:	-1;
	4504	:	-1;
	4505	:	-1;
	4506	:	-1;
	4507	:	-1;
	4508	:	-1;
	4509	:	-1;
	4510	:	-1;
	4511	:	-1;
	4512	:	-1;
	4513	:	-1;
	4514	:	-1;
	4515	:	-1;
	4516	:	-1;
	4517	:	-1;
	4518	:	-1;
	4519	:	-1;
	4520	:	-1;
	4521	:	-1;
	4522	:	-1;
	4523	:	-1;
	4524	:	-1;
	4525	:	-1;
	4526	:	-1;
	4527	:	-1;
	4528	:	-1;
	4529	:	-1;
	4530	:	-1;
	4531	:	-1;
	4532	:	-1;
	4533	:	-1;
	4534	:	-1;
	4535	:	-1;
	4536	:	-1;
	4537	:	-1;
	4538	:	-1;
	4539	:	-1;
	4540	:	-1;
	4541	:	-1;
	4542	:	-1;
	4543	:	-1;
	4544	:	-1;
	4545	:	-1;
	4546	:	-1;
	4547	:	-1;
	4548	:	-1;
	4549	:	-1;
	4550	:	-1;
	4551	:	-1;
	4552	:	-1;
	4553	:	-1;
	4554	:	-1;
	4555	:	-1;
	4556	:	-1;
	4557	:	-1;
	4558	:	-1;
	4559	:	-1;
	4560	:	-1;
	4561	:	-1;
	4562	:	-1;
	4563	:	-1;
	4564	:	-1;
	4565	:	-1;
	4566	:	-1;
	4567	:	-1;
	4568	:	-16;
	4569	:	-1;
	4570	:	65535;
	4571	:	-1048576;
	4572	:	-1;
	4573	:	4095;
	4574	:	-268435456;
	4575	:	-1;
	4576	:	-16776961;
	4577	:	-268369921;
	4578	:	-1;
	4579	:	-1048321;
	4580	:	1048575;
	4581	:	-1;
	4582	:	-1048321;
	4583	:	1048575;
	4584	:	-1;
	4585	:	-1048321;
	4586	:	-1;
	4587	:	-1;
	4588	:	-16776961;
	4589	:	-1;
	4590	:	-1;
	4591	:	4095;
	4592	:	-16;
	4593	:	-1;
	4594	:	65535;
	4595	:	-1048576;
	4596	:	-1;
	4597	:	16777215;
	4598	:	-268435456;
	4599	:	-1;
	4600	:	-1;
	4601	:	255;
	4602	:	-1;
	4603	:	-1;
	4604	:	1048575;
	4605	:	-1;
	4606	:	-3841;
	4607	:	16777215;
	4608	:	-16;
	4609	:	-65521;
	4610	:	16777215;
	4611	:	-16;
	4612	:	-65521;
	4613	:	16777215;
	4614	:	-16;
	4615	:	-1048321;
	4616	:	1048575;
	4617	:	-1;
	4618	:	255;
	4619	:	4095;
	4620	:	-1;
	4621	:	4095;
	4622	:	-268435456;
	4623	:	-1;
	4624	:	1048575;
	4625	:	-1048576;
	4626	:	-1;
	4627	:	-1;
	4628	:	-1;
	4629	:	-1;
	4630	:	-1;
	4631	:	-1;
	4632	:	-1;
	4633	:	-1;
	4634	:	-1;
	4635	:	-1;
	4636	:	-1;
	4637	:	-1;
	4638	:	-1;
	4639	:	-1;
	4640	:	-1;
	4641	:	-1;
	4642	:	-1;
	4643	:	-1;
	4644	:	-1;
	4645	:	-1;
	4646	:	-1;
	4647	:	-1;
	4648	:	-1;
	4649	:	-1;
	4650	:	-1;
	4651	:	-1;
	4652	:	-1;
	4653	:	-1;
	4654	:	-1;
	4655	:	-1;
	4656	:	-1;
	4657	:	-1;
	4658	:	-1;
	4659	:	-1;
	4660	:	-1;
	4661	:	-1;
	4662	:	-1;
	4663	:	-1;
	4664	:	-1;
	4665	:	-1;
	4666	:	-1;
	4667	:	-1;
	4668	:	-1;
	4669	:	-1;
	4670	:	-1;
	4671	:	-1;
	4672	:	-1;
	4673	:	-1;
	4674	:	-1;
	4675	:	-1;
	4676	:	-1;
	4677	:	-1;
	4678	:	-1;
	4679	:	-1;
	4680	:	-1;
	4681	:	-1;
	4682	:	-1;
	4683	:	-1;
	4684	:	-1;
	4685	:	-1;
	4686	:	-1;
	4687	:	-1;
	4688	:	-1;
	4689	:	-1;
	4690	:	-1;
	4691	:	-1;
	4692	:	-1;
	4693	:	-1;
	4694	:	-1;
	4695	:	-1;
	4696	:	-1;
	4697	:	-1;
	4698	:	-1;
	4699	:	-1;
	4700	:	-1;
	4701	:	-1;
	4702	:	-1;
	4703	:	-1;
	4704	:	-1;
	4705	:	-1;
	4706	:	-1;
	4707	:	-1;
	4708	:	15;
	4709	:	0;
	4710	:	-1;
	4711	:	0;
	4712	:	0;
	4713	:	-1;
	4714	:	15;
	4715	:	-268435456;
	4716	:	-1;
	4717	:	268435455;
	4718	:	-256;
	4719	:	-1;
	4720	:	268435455;
	4721	:	-256;
	4722	:	-1;
	4723	:	268435455;
	4724	:	-256;
	4725	:	-1;
	4726	:	268435455;
	4727	:	-256;
	4728	:	-1;
	4729	:	268435455;
	4730	:	-256;
	4731	:	-1;
	4732	:	268435455;
	4733	:	-256;
	4734	:	-1;
	4735	:	268435455;
	4736	:	-256;
	4737	:	-1;
	4738	:	268435455;
	4739	:	-256;
	4740	:	-1;
	4741	:	268435455;
	4742	:	-256;
	4743	:	-1;
	4744	:	268435455;
	4745	:	-256;
	4746	:	-1;
	4747	:	268435455;
	4748	:	-256;
	4749	:	-1;
	4750	:	268435455;
	4751	:	-256;
	4752	:	-1;
	4753	:	268435455;
	4754	:	-256;
	4755	:	-1;
	4756	:	268435455;
	4757	:	-256;
	4758	:	-1;
	4759	:	268435455;
	4760	:	-256;
	4761	:	-1;
	4762	:	268435455;
	4763	:	-256;
	4764	:	-1;
	4765	:	-1;
	4766	:	-1;
	4767	:	-1;
	4768	:	-1;
	4769	:	-1;
	4770	:	-1;
	4771	:	-1;
	4772	:	-1;
	4773	:	-1;
	4774	:	-1;
	4775	:	-1;
	4776	:	-1;
	4777	:	-1;
	4778	:	-1;
	4779	:	-1;
	4780	:	-1;
	4781	:	-1;
	4782	:	-1;
	4783	:	-1;
	4784	:	-1;
	4785	:	-1;
	4786	:	-1;
	4787	:	-1;
	4788	:	-1;
	4789	:	-1;
	4790	:	-1;
	4791	:	-1;
	4792	:	-1;
	4793	:	-1;
	4794	:	-1;
	4795	:	-1;
	4796	:	-1;
	4797	:	-1;
	4798	:	-1;
	4799	:	-1;
	4800	:	-1;
	4801	:	-1;
	4802	:	-1;
	4803	:	-1;
	4804	:	-1;
	4805	:	-1;
	4806	:	-1;
	4807	:	-1;
	4808	:	-1;
	4809	:	-1;
	4810	:	-1;
	4811	:	-1;
	4812	:	-1;
	4813	:	-1;
	4814	:	-1;
	4815	:	-1;
	4816	:	-1;
	4817	:	-1;
	4818	:	-1;
	4819	:	-1;
	4820	:	-1;
	4821	:	-1;
	4822	:	-1;
	4823	:	-1;
	4824	:	-1;
	4825	:	-1;
	4826	:	-1;
	4827	:	-1;
	4828	:	-1;
	4829	:	-1;
	4830	:	-1;
	4831	:	-1;
	4832	:	-1;
	4833	:	-1;
	4834	:	-1;
	4835	:	-1;
	4836	:	-1;
	4837	:	-1;
	4838	:	-1;
	4839	:	-1;
	4840	:	-1;
	4841	:	-1;
	4842	:	-1;
	4843	:	-1;
	4844	:	-1;
	4845	:	-1;
	4846	:	-1;
	4847	:	-1;
	4848	:	-1;
	4849	:	-1048321;
	4850	:	268435455;
	4851	:	-16;
	4852	:	-1048321;
	4853	:	268435455;
	4854	:	-16;
	4855	:	-1048321;
	4856	:	268435455;
	4857	:	-16;
	4858	:	-1048321;
	4859	:	268435455;
	4860	:	-16;
	4861	:	-1048321;
	4862	:	268435455;
	4863	:	-16;
	4864	:	-1048321;
	4865	:	268435455;
	4866	:	-16;
	4867	:	-1048321;
	4868	:	268435455;
	4869	:	-16;
	4870	:	-1048321;
	4871	:	268435455;
	4872	:	-16;
	4873	:	-1048321;
	4874	:	268435455;
	4875	:	-16;
	4876	:	-1048321;
	4877	:	268435455;
	4878	:	-16;
	4879	:	-1048321;
	4880	:	268435455;
	4881	:	-16;
	4882	:	-1048321;
	4883	:	268435455;
	4884	:	-16;
	4885	:	-1048321;
	4886	:	268435455;
	4887	:	-16;
	4888	:	-1048321;
	4889	:	16777215;
	4890	:	-16;
	4891	:	-16776961;
	4892	:	16777215;
	4893	:	-16;
	4894	:	-16773121;
	4895	:	1048575;
	4896	:	-16;
	4897	:	4095;
	4898	:	0;
	4899	:	-1;
	4900	:	65535;
	4901	:	-268435456;
	4902	:	-1;
	4903	:	16777215;
	4904	:	-1048576;
	4905	:	-1;
	4906	:	-1;
	4907	:	-1;
	4908	:	-1;
	4909	:	-1;
	4910	:	-1;
	4911	:	-1;
	4912	:	-1;
	4913	:	-1;
	4914	:	-1;
	4915	:	-1;
	4916	:	-1;
	4917	:	-1;
	4918	:	-1;
	4919	:	-1;
	4920	:	-1;
	4921	:	-1;
	4922	:	-1;
	4923	:	-1;
	4924	:	-1;
	4925	:	-1;
	4926	:	-1;
	4927	:	-1;
	4928	:	-1;
	4929	:	-1;
	4930	:	-1;
	4931	:	-1;
	4932	:	-1;
	4933	:	-1;
	4934	:	-1;
	4935	:	-1;
	4936	:	-1;
	4937	:	-1;
	4938	:	-1;
	4939	:	-1;
	4940	:	-1;
	4941	:	-1;
	4942	:	-1;
	4943	:	-1;
	4944	:	-1;
	4945	:	-1;
	4946	:	-1;
	4947	:	-1;
	4948	:	-1;
	4949	:	-1;
	4950	:	-1;
	4951	:	-1;
	4952	:	-1;
	4953	:	-1;
	4954	:	-1;
	4955	:	-1;
	4956	:	-1;
	4957	:	-1;
	4958	:	-1;
	4959	:	-1;
	4960	:	-1;
	4961	:	-1;
	4962	:	-1;
	4963	:	-1;
	4964	:	-1;
	4965	:	-1;
	4966	:	-1;
	4967	:	-1;
	4968	:	-1;
	4969	:	-1;
	4970	:	-1;
	4971	:	-1;
	4972	:	-1;
	4973	:	-1;
	4974	:	-1;
	4975	:	-1;
	4976	:	-1;
	4977	:	-1;
	4978	:	-1;
	4979	:	-1;
	4980	:	-1;
	4981	:	-1;
	4982	:	-1;
	4983	:	-1;
	4984	:	-1;
	4985	:	-1;
	4986	:	-1;
	4987	:	-4096;
	4988	:	268435455;
	4989	:	-256;
	4990	:	-65521;
	4991	:	268435455;
	4992	:	-16;
	4993	:	-65521;
	4994	:	16777215;
	4995	:	-16;
	4996	:	-65521;
	4997	:	16777215;
	4998	:	-16;
	4999	:	-1048321;
	5000	:	1048575;
	5001	:	-1;
	5002	:	-1048321;
	5003	:	1048575;
	5004	:	-1;
	5005	:	-1044481;
	5006	:	-267386881;
	5007	:	-1;
	5008	:	-16773121;
	5009	:	-268369921;
	5010	:	-1;
	5011	:	-16773121;
	5012	:	-268369921;
	5013	:	-1;
	5014	:	-16711681;
	5015	:	-16773121;
	5016	:	-1;
	5017	:	-268369921;
	5018	:	-16773121;
	5019	:	-1;
	5020	:	-267386881;
	5021	:	-1044481;
	5022	:	-1;
	5023	:	1048575;
	5024	:	-1048321;
	5025	:	-1;
	5026	:	1048575;
	5027	:	-1048321;
	5028	:	-1;
	5029	:	16777215;
	5030	:	-65281;
	5031	:	-1;
	5032	:	16777215;
	5033	:	-65536;
	5034	:	-1;
	5035	:	268435455;
	5036	:	-4096;
	5037	:	-1;
	5038	:	268435455;
	5039	:	-4096;
	5040	:	-1;
	5041	:	268435455;
	5042	:	-256;
	5043	:	-1;
	5044	:	-1;
	5045	:	-1;
	5046	:	-1;
	5047	:	-1;
	5048	:	-1;
	5049	:	-1;
	5050	:	-1;
	5051	:	-1;
	5052	:	-1;
	5053	:	-1;
	5054	:	-1;
	5055	:	-1;
	5056	:	-1;
	5057	:	-1;
	5058	:	-1;
	5059	:	-1;
	5060	:	-1;
	5061	:	-1;
	5062	:	-1;
	5063	:	-1;
	5064	:	-1;
	5065	:	-1;
	5066	:	-1;
	5067	:	-1;
	5068	:	-1;
	5069	:	-1;
	5070	:	-1;
	5071	:	-1;
	5072	:	-1;
	5073	:	-1;
	5074	:	-1;
	5075	:	-1;
	5076	:	-1;
	5077	:	-1;
	5078	:	-1;
	5079	:	-1;
	5080	:	-1;
	5081	:	-1;
	5082	:	-1;
	5083	:	-1;
	5084	:	-1;
	5085	:	-1;
	5086	:	-1;
	5087	:	-1;
	5088	:	-1;
	5089	:	-1;
	5090	:	-1;
	5091	:	-1;
	5092	:	-1;
	5093	:	-1;
	5094	:	-1;
	5095	:	-1;
	5096	:	-1;
	5097	:	-1;
	5098	:	-1;
	5099	:	-1;
	5100	:	-1;
	5101	:	-1;
	5102	:	-1;
	5103	:	-1;
	5104	:	-1;
	5105	:	-1;
	5106	:	-1;
	5107	:	-1;
	5108	:	-1;
	5109	:	-1;
	5110	:	-1;
	5111	:	-1;
	5112	:	-1;
	5113	:	-1;
	5114	:	-1;
	5115	:	-1;
	5116	:	-1;
	5117	:	-1;
	5118	:	-1;
	5119	:	-1;
	5120	:	-1;
	5121	:	-1;
	5122	:	-1;
	5123	:	-1;
	5124	:	-1;
	5125	:	-4081;
	5126	:	-16773121;
	5127	:	268435455;
	5128	:	-4096;
	5129	:	-268431361;
	5130	:	16777215;
	5131	:	-65521;
	5132	:	-268431361;
	5133	:	16777215;
	5134	:	-65521;
	5135	:	-268435201;
	5136	:	16777215;
	5137	:	-65521;
	5138	:	255;
	5139	:	1048575;
	5140	:	-65281;
	5141	:	983295;
	5142	:	1048575;
	5143	:	-1048321;
	5144	:	16711695;
	5145	:	1048575;
	5146	:	-1048321;
	5147	:	16711695;
	5148	:	-267386896;
	5149	:	-1048321;
	5150	:	16773135;
	5151	:	-268369936;
	5152	:	-1044481;
	5153	:	268431360;
	5154	:	-268369936;
	5155	:	-16773121;
	5156	:	268431360;
	5157	:	-268369936;
	5158	:	-16773121;
	5159	:	268435200;
	5160	:	-16711936;
	5161	:	-16773121;
	5162	:	268435200;
	5163	:	-16711936;
	5164	:	251723775;
	5165	:	-256;
	5166	:	-16773376;
	5167	:	65535;
	5168	:	-256;
	5169	:	-1048576;
	5170	:	65535;
	5171	:	-16;
	5172	:	-1048576;
	5173	:	1048575;
	5174	:	-16;
	5175	:	-1048561;
	5176	:	1048575;
	5177	:	-16;
	5178	:	-1048561;
	5179	:	1048575;
	5180	:	-1;
	5181	:	-65521;
	5182	:	-1;
	5183	:	-1;
	5184	:	-1;
	5185	:	-1;
	5186	:	-1;
	5187	:	-1;
	5188	:	-1;
	5189	:	-1;
	5190	:	-1;
	5191	:	-1;
	5192	:	-1;
	5193	:	-1;
	5194	:	-1;
	5195	:	-1;
	5196	:	-1;
	5197	:	-1;
	5198	:	-1;
	5199	:	-1;
	5200	:	-1;
	5201	:	-1;
	5202	:	-1;
	5203	:	-1;
	5204	:	-1;
	5205	:	-1;
	5206	:	-1;
	5207	:	-1;
	5208	:	-1;
	5209	:	-1;
	5210	:	-1;
	5211	:	-1;
	5212	:	-1;
	5213	:	-1;
	5214	:	-1;
	5215	:	-1;
	5216	:	-1;
	5217	:	-1;
	5218	:	-1;
	5219	:	-1;
	5220	:	-1;
	5221	:	-1;
	5222	:	-1;
	5223	:	-1;
	5224	:	-1;
	5225	:	-1;
	5226	:	-1;
	5227	:	-1;
	5228	:	-1;
	5229	:	-1;
	5230	:	-1;
	5231	:	-1;
	5232	:	-1;
	5233	:	-1;
	5234	:	-1;
	5235	:	-1;
	5236	:	-1;
	5237	:	-1;
	5238	:	-1;
	5239	:	-1;
	5240	:	-1;
	5241	:	-1;
	5242	:	-1;
	5243	:	-1;
	5244	:	-1;
	5245	:	-1;
	5246	:	-1;
	5247	:	-1;
	5248	:	-1;
	5249	:	-1;
	5250	:	-1;
	5251	:	-1;
	5252	:	-1;
	5253	:	-1;
	5254	:	-1;
	5255	:	-1;
	5256	:	-1;
	5257	:	-1;
	5258	:	-1;
	5259	:	-1;
	5260	:	-1;
	5261	:	-1;
	5262	:	-1;
	5263	:	-1;
	5264	:	-1;
	5265	:	-1;
	5266	:	-1048561;
	5267	:	16777215;
	5268	:	-16;
	5269	:	-16776961;
	5270	:	1048575;
	5271	:	-1;
	5272	:	-16773121;
	5273	:	-268369921;
	5274	:	-1;
	5275	:	-268369921;
	5276	:	-268431361;
	5277	:	-1;
	5278	:	65535;
	5279	:	-16773121;
	5280	:	-1;
	5281	:	1048575;
	5282	:	-1048321;
	5283	:	-1;
	5284	:	16777215;
	5285	:	-65536;
	5286	:	-1;
	5287	:	268435455;
	5288	:	-65536;
	5289	:	-1;
	5290	:	268435455;
	5291	:	-4096;
	5292	:	-1;
	5293	:	268435455;
	5294	:	-4096;
	5295	:	-1;
	5296	:	16777215;
	5297	:	-65536;
	5298	:	-1;
	5299	:	1048575;
	5300	:	-1048576;
	5301	:	-1;
	5302	:	1048575;
	5303	:	-16776961;
	5304	:	-1;
	5305	:	-268369921;
	5306	:	-16773121;
	5307	:	-1;
	5308	:	-16773121;
	5309	:	-268369921;
	5310	:	-1;
	5311	:	-16776961;
	5312	:	65535;
	5313	:	-1;
	5314	:	-1048321;
	5315	:	1048575;
	5316	:	-1;
	5317	:	-65521;
	5318	:	16777215;
	5319	:	-16;
	5320	:	-4081;
	5321	:	268435455;
	5322	:	-16;
	5323	:	-1;
	5324	:	-1;
	5325	:	-1;
	5326	:	-1;
	5327	:	-1;
	5328	:	-1;
	5329	:	-1;
	5330	:	-1;
	5331	:	-1;
	5332	:	-1;
	5333	:	-1;
	5334	:	-1;
	5335	:	-1;
	5336	:	-1;
	5337	:	-1;
	5338	:	-1;
	5339	:	-1;
	5340	:	-1;
	5341	:	-1;
	5342	:	-1;
	5343	:	-1;
	5344	:	-1;
	5345	:	-1;
	5346	:	-1;
	5347	:	-1;
	5348	:	-1;
	5349	:	-1;
	5350	:	-1;
	5351	:	-1;
	5352	:	-1;
	5353	:	-1;
	5354	:	-1;
	5355	:	-1;
	5356	:	-1;
	5357	:	-1;
	5358	:	-1;
	5359	:	-1;
	5360	:	-1;
	5361	:	-1;
	5362	:	-1;
	5363	:	-1;
	5364	:	-1;
	5365	:	-1;
	5366	:	-1;
	5367	:	-1;
	5368	:	-1;
	5369	:	-1;
	5370	:	-1;
	5371	:	-1;
	5372	:	-1;
	5373	:	-1;
	5374	:	-1;
	5375	:	-1;
	5376	:	-1;
	5377	:	-1;
	5378	:	-1;
	5379	:	-1;
	5380	:	-1;
	5381	:	-1;
	5382	:	-1;
	5383	:	-1;
	5384	:	-1;
	5385	:	-1;
	5386	:	-1;
	5387	:	-1;
	5388	:	-1;
	5389	:	-1;
	5390	:	-1;
	5391	:	-1;
	5392	:	-1;
	5393	:	-1;
	5394	:	-1;
	5395	:	-1;
	5396	:	-1;
	5397	:	-1;
	5398	:	-1;
	5399	:	-1;
	5400	:	-1;
	5401	:	-1;
	5402	:	-1;
	5403	:	-1;
	5404	:	-65536;
	5405	:	16777215;
	5406	:	-16;
	5407	:	-65521;
	5408	:	16777215;
	5409	:	-16;
	5410	:	-1048321;
	5411	:	1048575;
	5412	:	-1;
	5413	:	-16776961;
	5414	:	65535;
	5415	:	-1;
	5416	:	-16773121;
	5417	:	-268369921;
	5418	:	-1;
	5419	:	-268369921;
	5420	:	-16773121;
	5421	:	-1;
	5422	:	65535;
	5423	:	-1048321;
	5424	:	-1;
	5425	:	1048575;
	5426	:	-1048321;
	5427	:	-1;
	5428	:	16777215;
	5429	:	-65536;
	5430	:	-1;
	5431	:	16777215;
	5432	:	-4096;
	5433	:	-1;
	5434	:	268435455;
	5435	:	-4096;
	5436	:	-1;
	5437	:	268435455;
	5438	:	-256;
	5439	:	-1;
	5440	:	268435455;
	5441	:	-256;
	5442	:	-1;
	5443	:	268435455;
	5444	:	-256;
	5445	:	-1;
	5446	:	268435455;
	5447	:	-256;
	5448	:	-1;
	5449	:	268435455;
	5450	:	-256;
	5451	:	-1;
	5452	:	268435455;
	5453	:	-256;
	5454	:	-1;
	5455	:	268435455;
	5456	:	-256;
	5457	:	-1;
	5458	:	-1;
	5459	:	-256;
	5460	:	-1;
	5461	:	-1;
	5462	:	-1;
	5463	:	-1;
	5464	:	-1;
	5465	:	-1;
	5466	:	-1;
	5467	:	-1;
	5468	:	-1;
	5469	:	-1;
	5470	:	-1;
	5471	:	-1;
	5472	:	-1;
	5473	:	-1;
	5474	:	-1;
	5475	:	-1;
	5476	:	-1;
	5477	:	-1;
	5478	:	-1;
	5479	:	-1;
	5480	:	-1;
	5481	:	-1;
	5482	:	-1;
	5483	:	-1;
	5484	:	-1;
	5485	:	-1;
	5486	:	-1;
	5487	:	-1;
	5488	:	-1;
	5489	:	-1;
	5490	:	-1;
	5491	:	-1;
	5492	:	-1;
	5493	:	-1;
	5494	:	-1;
	5495	:	-1;
	5496	:	-1;
	5497	:	-1;
	5498	:	-1;
	5499	:	-1;
	5500	:	-1;
	5501	:	-1;
	5502	:	-1;
	5503	:	-1;
	5504	:	-1;
	5505	:	-1;
	5506	:	-1;
	5507	:	-1;
	5508	:	-1;
	5509	:	-1;
	5510	:	-1;
	5511	:	-1;
	5512	:	-1;
	5513	:	-1;
	5514	:	-1;
	5515	:	-1;
	5516	:	-1;
	5517	:	-1;
	5518	:	-1;
	5519	:	-1;
	5520	:	-1;
	5521	:	-1;
	5522	:	-1;
	5523	:	-1;
	5524	:	-1;
	5525	:	-1;
	5526	:	-1;
	5527	:	-1;
	5528	:	-1;
	5529	:	-1;
	5530	:	-1;
	5531	:	-1;
	5532	:	-1;
	5533	:	-1;
	5534	:	-1;
	5535	:	-1;
	5536	:	-1;
	5537	:	-1;
	5538	:	-1;
	5539	:	-1;
	5540	:	-1;
	5541	:	-1;
	5542	:	255;
	5543	:	0;
	5544	:	-1;
	5545	:	255;
	5546	:	0;
	5547	:	-1;
	5548	:	-1;
	5549	:	-268431361;
	5550	:	-1;
	5551	:	-1;
	5552	:	-16773121;
	5553	:	-1;
	5554	:	-1;
	5555	:	-16776961;
	5556	:	-1;
	5557	:	-1;
	5558	:	-1048561;
	5559	:	-1;
	5560	:	-1;
	5561	:	-65536;
	5562	:	-1;
	5563	:	-1;
	5564	:	-4096;
	5565	:	-1;
	5566	:	268435455;
	5567	:	-256;
	5568	:	-1;
	5569	:	16777215;
	5570	:	-16;
	5571	:	-1;
	5572	:	1048575;
	5573	:	-16;
	5574	:	-1;
	5575	:	65535;
	5576	:	-1;
	5577	:	-1;
	5578	:	-268369921;
	5579	:	-1;
	5580	:	-1;
	5581	:	-16773121;
	5582	:	-1;
	5583	:	-1;
	5584	:	-1048321;
	5585	:	-1;
	5586	:	-1;
	5587	:	-1048561;
	5588	:	-1;
	5589	:	-1;
	5590	:	0;
	5591	:	-268435456;
	5592	:	-1;
	5593	:	0;
	5594	:	0;
	5595	:	-1;
	5596	:	15;
	5597	:	0;
	5598	:	-1;
	5599	:	-1;
	5600	:	-1;
	5601	:	-1;
	5602	:	-1;
	5603	:	-1;
	5604	:	-1;
	5605	:	-1;
	5606	:	-1;
	5607	:	-1;
	5608	:	-1;
	5609	:	-1;
	5610	:	-1;
	5611	:	-1;
	5612	:	-1;
	5613	:	-1;
	5614	:	-1;
	5615	:	-1;
	5616	:	-1;
	5617	:	-1;
	5618	:	-1;
	5619	:	-1;
	5620	:	-1;
	5621	:	-1;
	5622	:	-1;
	5623	:	-1;
	5624	:	-1;
	5625	:	-1;
	5626	:	-1;
	5627	:	-1;
	5628	:	-1;
	5629	:	-1;
	5630	:	-1;
	5631	:	-1;
	5632	:	-1;
	5633	:	-1;
	5634	:	-1;
	5635	:	-1;
	5636	:	-1;
	5637	:	-1;
	5638	:	-1;
	5639	:	-1;
	5640	:	-1;
	5641	:	-1;
	5642	:	-1;
	5643	:	-1;
	5644	:	-1;
	5645	:	-1;
	5646	:	-1;
	5647	:	-1;
	5648	:	-1;
	5649	:	-1;
	5650	:	-1;
	5651	:	-1;
	5652	:	-1;
	5653	:	-1;
	5654	:	-1;
	5655	:	-1;
	5656	:	-1;
	5657	:	-1;
	5658	:	-1;
	5659	:	-1;
	5660	:	-1;
	5661	:	-1;
	5662	:	-1;
	5663	:	-1;
	5664	:	-1;
	5665	:	-1;
	5666	:	-1;
	5667	:	-1;
	5668	:	-1;
	5669	:	-1;
	5670	:	-1;
	5671	:	-1;
	5672	:	-1;
	5673	:	-1;
	5674	:	-1;
	5675	:	-1;
	5676	:	-1;
	5677	:	-1;
	5678	:	-1;
	5679	:	-1;
	5680	:	-1;
	5681	:	-4096;
	5682	:	-1;
	5683	:	16777215;
	5684	:	-1048576;
	5685	:	-1;
	5686	:	1048575;
	5687	:	-16777216;
	5688	:	-1;
	5689	:	-268369921;
	5690	:	-16773121;
	5691	:	-1;
	5692	:	-268369921;
	5693	:	-268369921;
	5694	:	-1;
	5695	:	-16711681;
	5696	:	-268369921;
	5697	:	-1;
	5698	:	-16773121;
	5699	:	-267386881;
	5700	:	-1;
	5701	:	-16773121;
	5702	:	1048575;
	5703	:	-1;
	5704	:	-16773121;
	5705	:	1048575;
	5706	:	-1;
	5707	:	-16773121;
	5708	:	1048575;
	5709	:	-1;
	5710	:	-16773121;
	5711	:	1048575;
	5712	:	-1;
	5713	:	-16773121;
	5714	:	-267386881;
	5715	:	-1;
	5716	:	-16711681;
	5717	:	-268369921;
	5718	:	-1;
	5719	:	-268369921;
	5720	:	-268369921;
	5721	:	-1;
	5722	:	-268369921;
	5723	:	-268369921;
	5724	:	-1;
	5725	:	1048575;
	5726	:	-16776976;
	5727	:	-1;
	5728	:	16777215;
	5729	:	-1048576;
	5730	:	-1;
	5731	:	268435455;
	5732	:	-65536;
	5733	:	-1;
	5734	:	-1;
	5735	:	-1;
	5736	:	-1;
	5737	:	-1;
	5738	:	-1;
	5739	:	-1;
	5740	:	-1;
	5741	:	-1;
	5742	:	-1;
	5743	:	-1;
	5744	:	-1;
	5745	:	-1;
	5746	:	-1;
	5747	:	-1;
	5748	:	-1;
	5749	:	-1;
	5750	:	-1;
	5751	:	-1;
	5752	:	-1;
	5753	:	-1;
	5754	:	-1;
	5755	:	-1;
	5756	:	-1;
	5757	:	-1;
	5758	:	-1;
	5759	:	-1;
	5760	:	-1;
	5761	:	-1;
	5762	:	-1;
	5763	:	-1;
	5764	:	-1;
	5765	:	-1;
	5766	:	-1;
	5767	:	-1;
	5768	:	-1;
	5769	:	-1;
	5770	:	-1;
	5771	:	-1;
	5772	:	-1;
	5773	:	-1;
	5774	:	-1;
	5775	:	-1;
	5776	:	-1;
	5777	:	-1;
	5778	:	-1;
	5779	:	-1;
	5780	:	-1;
	5781	:	-1;
	5782	:	-1;
	5783	:	-1;
	5784	:	-1;
	5785	:	-1;
	5786	:	-1;
	5787	:	-1;
	5788	:	-1;
	5789	:	-1;
	5790	:	-1;
	5791	:	-1;
	5792	:	-1;
	5793	:	-1;
	5794	:	-1;
	5795	:	-1;
	5796	:	-1;
	5797	:	-1;
	5798	:	-1;
	5799	:	-1;
	5800	:	-1;
	5801	:	-1;
	5802	:	-1;
	5803	:	-1;
	5804	:	-1;
	5805	:	-1;
	5806	:	-1;
	5807	:	-1;
	5808	:	-1;
	5809	:	-1;
	5810	:	-65281;
	5811	:	-1;
	5812	:	-1;
	5813	:	-65521;
	5814	:	-1;
	5815	:	-1;
	5816	:	-65536;
	5817	:	-1;
	5818	:	16777215;
	5819	:	-65536;
	5820	:	-1;
	5821	:	1048575;
	5822	:	-65536;
	5823	:	-1;
	5824	:	-267386881;
	5825	:	-65521;
	5826	:	-1;
	5827	:	-1;
	5828	:	-65521;
	5829	:	-1;
	5830	:	-1;
	5831	:	-65521;
	5832	:	-1;
	5833	:	-1;
	5834	:	-65521;
	5835	:	-1;
	5836	:	-1;
	5837	:	-65521;
	5838	:	-1;
	5839	:	-1;
	5840	:	-65521;
	5841	:	-1;
	5842	:	-1;
	5843	:	-65521;
	5844	:	-1;
	5845	:	-1;
	5846	:	-65521;
	5847	:	-1;
	5848	:	-1;
	5849	:	-65521;
	5850	:	-1;
	5851	:	-1;
	5852	:	-65521;
	5853	:	-1;
	5854	:	-1;
	5855	:	-65521;
	5856	:	-1;
	5857	:	-1;
	5858	:	-65281;
	5859	:	-1;
	5860	:	-1;
	5861	:	-1;
	5862	:	-1;
	5863	:	-1;
	5864	:	-1;
	5865	:	-1;
	5866	:	-1;
	5867	:	-1;
	5868	:	-1;
	5869	:	-1;
	5870	:	-1;
	5871	:	-1;
	5872	:	-1;
	5873	:	-1;
	5874	:	-1;
	5875	:	-1;
	5876	:	-1;
	5877	:	-1;
	5878	:	-1;
	5879	:	-1;
	5880	:	-1;
	5881	:	-1;
	5882	:	-1;
	5883	:	-1;
	5884	:	-1;
	5885	:	-1;
	5886	:	-1;
	5887	:	-1;
	5888	:	-1;
	5889	:	-1;
	5890	:	-1;
	5891	:	-1;
	5892	:	-1;
	5893	:	-1;
	5894	:	-1;
	5895	:	-1;
	5896	:	-1;
	5897	:	-1;
	5898	:	-1;
	5899	:	-1;
	5900	:	-1;
	5901	:	-1;
	5902	:	-1;
	5903	:	-1;
	5904	:	-1;
	5905	:	-1;
	5906	:	-1;
	5907	:	-1;
	5908	:	-1;
	5909	:	-1;
	5910	:	-1;
	5911	:	-1;
	5912	:	-1;
	5913	:	-1;
	5914	:	-1;
	5915	:	-1;
	5916	:	-1;
	5917	:	-1;
	5918	:	-1;
	5919	:	-1;
	5920	:	-1;
	5921	:	-1;
	5922	:	-1;
	5923	:	-1;
	5924	:	-1;
	5925	:	-1;
	5926	:	-1;
	5927	:	-1;
	5928	:	-1;
	5929	:	-1;
	5930	:	-1;
	5931	:	-1;
	5932	:	-1;
	5933	:	-1;
	5934	:	-1;
	5935	:	-1;
	5936	:	-1;
	5937	:	-1;
	5938	:	16777215;
	5939	:	-1048576;
	5940	:	-1;
	5941	:	1048575;
	5942	:	-16777216;
	5943	:	-1;
	5944	:	65535;
	5945	:	-268431361;
	5946	:	-1;
	5947	:	-268369921;
	5948	:	-268369921;
	5949	:	-1;
	5950	:	-16711681;
	5951	:	-268369921;
	5952	:	-1;
	5953	:	-1;
	5954	:	-268369921;
	5955	:	-1;
	5956	:	-1;
	5957	:	-268369921;
	5958	:	-1;
	5959	:	-1;
	5960	:	-16773121;
	5961	:	-1;
	5962	:	-1;
	5963	:	-16776961;
	5964	:	-1;
	5965	:	-1;
	5966	:	-1048561;
	5967	:	-1;
	5968	:	-1;
	5969	:	-65536;
	5970	:	-1;
	5971	:	268435455;
	5972	:	-4096;
	5973	:	-1;
	5974	:	16777215;
	5975	:	-16;
	5976	:	-1;
	5977	:	1048575;
	5978	:	-1;
	5979	:	-1;
	5980	:	65535;
	5981	:	-1;
	5982	:	-1;
	5983	:	65535;
	5984	:	-268435456;
	5985	:	-1;
	5986	:	65535;
	5987	:	-268435456;
	5988	:	-1;
	5989	:	268435455;
	5990	:	-1048576;
	5991	:	-1;
	5992	:	-1;
	5993	:	-1;
	5994	:	-1;
	5995	:	-1;
	5996	:	-1;
	5997	:	-1;
	5998	:	-1;
	5999	:	-1;
	6000	:	-1;
	6001	:	-1;
	6002	:	-1;
	6003	:	-1;
	6004	:	-1;
	6005	:	-1;
	6006	:	-1;
	6007	:	-1;
	6008	:	-1;
	6009	:	-1;
	6010	:	-1;
	6011	:	-1;
	6012	:	-1;
	6013	:	-1;
	6014	:	-1;
	6015	:	-1;
	6016	:	-1;
	6017	:	-1;
	6018	:	-1;
	6019	:	-1;
	6020	:	-1;
	6021	:	-1;
	6022	:	-1;
	6023	:	-1;
	6024	:	-1;
	6025	:	-1;
	6026	:	-1;
	6027	:	-1;
	6028	:	-1;
	6029	:	-1;
	6030	:	-1;
	6031	:	-1;
	6032	:	-1;
	6033	:	-1;
	6034	:	-1;
	6035	:	-1;
	6036	:	-1;
	6037	:	-1;
	6038	:	-1;
	6039	:	-1;
	6040	:	-1;
	6041	:	-1;
	6042	:	-1;
	6043	:	-1;
	6044	:	-1;
	6045	:	-1;
	6046	:	-1;
	6047	:	-1;
	6048	:	-1;
	6049	:	-1;
	6050	:	-1;
	6051	:	-1;
	6052	:	-1;
	6053	:	-1;
	6054	:	-1;
	6055	:	-1;
	6056	:	-1;
	6057	:	-1;
	6058	:	-1;
	6059	:	-1;
	6060	:	-1;
	6061	:	-1;
	6062	:	-1;
	6063	:	-1;
	6064	:	-1;
	6065	:	-1;
	6066	:	-1;
	6067	:	268435455;
	6068	:	-65536;
	6069	:	-1;
	6070	:	1048575;
	6071	:	-1048576;
	6072	:	-1;
	6073	:	65535;
	6074	:	-16776961;
	6075	:	-1;
	6076	:	-268369921;
	6077	:	-268369921;
	6078	:	-1;
	6079	:	-1;
	6080	:	-268369921;
	6081	:	-1;
	6082	:	-1;
	6083	:	-16773121;
	6084	:	-1;
	6085	:	-1;
	6086	:	-16776961;
	6087	:	-1;
	6088	:	-1;
	6089	:	-16777216;
	6090	:	-1;
	6091	:	-1;
	6092	:	-16777201;
	6093	:	-1;
	6094	:	-1;
	6095	:	-268369921;
	6096	:	-1;
	6097	:	-1;
	6098	:	-268369921;
	6099	:	-1;
	6100	:	-1;
	6101	:	1048575;
	6102	:	-1;
	6103	:	-16711681;
	6104	:	1048575;
	6105	:	-1;
	6106	:	-268369921;
	6107	:	-268369921;
	6108	:	-1;
	6109	:	-268369921;
	6110	:	-268431361;
	6111	:	-1;
	6112	:	1048575;
	6113	:	-16777216;
	6114	:	-1;
	6115	:	16777215;
	6116	:	-1048576;
	6117	:	-1;
	6118	:	-1;
	6119	:	-1;
	6120	:	-1;
	6121	:	-1;
	6122	:	-1;
	6123	:	-1;
	6124	:	-1;
	6125	:	-1;
	6126	:	-1;
	6127	:	-1;
	6128	:	-1;
	6129	:	-1;
	6130	:	-1;
	6131	:	-1;
	6132	:	-1;
	6133	:	-1;
	6134	:	-1;
	6135	:	-1;
	6136	:	-1;
	6137	:	-1;
	6138	:	-1;
	6139	:	-1;
	6140	:	-1;
	6141	:	-1;
	6142	:	-1;
	6143	:	-1;
	6144	:	-1;
	6145	:	-1;
	6146	:	-1;
	6147	:	-1;
	6148	:	-1;
	6149	:	-1;
	6150	:	-1;
	6151	:	-1;
	6152	:	-1;
	6153	:	-1;
	6154	:	-1;
	6155	:	-1;
	6156	:	-1;
	6157	:	-1;
	6158	:	-1;
	6159	:	-1;
	6160	:	-1;
	6161	:	-1;
	6162	:	-1;
	6163	:	-1;
	6164	:	-1;
	6165	:	-1;
	6166	:	-1;
	6167	:	-1;
	6168	:	-1;
	6169	:	-1;
	6170	:	-1;
	6171	:	-1;
	6172	:	-1;
	6173	:	-1;
	6174	:	-1;
	6175	:	-1;
	6176	:	-1;
	6177	:	-1;
	6178	:	-1;
	6179	:	-1;
	6180	:	-1;
	6181	:	-1;
	6182	:	-1;
	6183	:	-1;
	6184	:	-1;
	6185	:	-1;
	6186	:	-1;
	6187	:	-1;
	6188	:	-1;
	6189	:	-1;
	6190	:	-1;
	6191	:	-1;
	6192	:	-1;
	6193	:	-1;
	6194	:	-1;
	6195	:	-1;
	6196	:	-1;
	6197	:	-1048321;
	6198	:	-1;
	6199	:	-1;
	6200	:	-1048561;
	6201	:	-1;
	6202	:	-1;
	6203	:	-1048561;
	6204	:	-1;
	6205	:	-1;
	6206	:	-1048576;
	6207	:	-1;
	6208	:	268435455;
	6209	:	-1048576;
	6210	:	-1;
	6211	:	16777215;
	6212	:	-1048336;
	6213	:	-1;
	6214	:	16777215;
	6215	:	-1044481;
	6216	:	-1;
	6217	:	1048575;
	6218	:	-1044481;
	6219	:	-1;
	6220	:	-268369921;
	6221	:	-1044481;
	6222	:	-1;
	6223	:	-268431361;
	6224	:	-1048321;
	6225	:	-1;
	6226	:	4095;
	6227	:	-16777216;
	6228	:	-1;
	6229	:	4095;
	6230	:	-268435456;
	6231	:	-1;
	6232	:	4095;
	6233	:	-268435456;
	6234	:	-1;
	6235	:	-1;
	6236	:	-1048321;
	6237	:	-1;
	6238	:	-1;
	6239	:	-1048321;
	6240	:	-1;
	6241	:	-1;
	6242	:	-1044481;
	6243	:	-1;
	6244	:	-1;
	6245	:	-1044481;
	6246	:	-1;
	6247	:	-1;
	6248	:	-1;
	6249	:	-1;
	6250	:	-1;
	6251	:	-1;
	6252	:	-1;
	6253	:	-1;
	6254	:	-1;
	6255	:	-1;
	6256	:	-1;
	6257	:	-1;
	6258	:	-1;
	6259	:	-1;
	6260	:	-1;
	6261	:	-1;
	6262	:	-1;
	6263	:	-1;
	6264	:	-1;
	6265	:	-1;
	6266	:	-1;
	6267	:	-1;
	6268	:	-1;
	6269	:	-1;
	6270	:	-1;
	6271	:	-1;
	6272	:	-1;
	6273	:	-1;
	6274	:	-1;
	6275	:	-1;
	6276	:	-1;
	6277	:	-1;
	6278	:	-1;
	6279	:	-1;
	6280	:	-1;
	6281	:	-1;
	6282	:	-1;
	6283	:	-1;
	6284	:	-1;
	6285	:	-1;
	6286	:	-1;
	6287	:	-1;
	6288	:	-1;
	6289	:	-1;
	6290	:	-1;
	6291	:	-1;
	6292	:	-1;
	6293	:	-1;
	6294	:	-1;
	6295	:	-1;
	6296	:	-1;
	6297	:	-1;
	6298	:	-1;
	6299	:	-1;
	6300	:	-1;
	6301	:	-1;
	6302	:	-1;
	6303	:	-1;
	6304	:	-1;
	6305	:	-1;
	6306	:	-1;
	6307	:	-1;
	6308	:	-1;
	6309	:	-1;
	6310	:	-1;
	6311	:	-1;
	6312	:	-1;
	6313	:	-1;
	6314	:	-1;
	6315	:	-1;
	6316	:	-1;
	6317	:	-1;
	6318	:	-1;
	6319	:	-1;
	6320	:	-1;
	6321	:	-1;
	6322	:	268435455;
	6323	:	-16777216;
	6324	:	-1;
	6325	:	1048575;
	6326	:	-268435456;
	6327	:	-1;
	6328	:	1048575;
	6329	:	-16777216;
	6330	:	-1;
	6331	:	1048575;
	6332	:	-1;
	6333	:	-1;
	6334	:	-267386881;
	6335	:	-1;
	6336	:	-1;
	6337	:	-267386881;
	6338	:	-1;
	6339	:	-1;
	6340	:	65535;
	6341	:	-65536;
	6342	:	-1;
	6343	:	65535;
	6344	:	-16777216;
	6345	:	-1;
	6346	:	65535;
	6347	:	-268435201;
	6348	:	-1;
	6349	:	-15728641;
	6350	:	-268369921;
	6351	:	-1;
	6352	:	-1;
	6353	:	1048575;
	6354	:	-1;
	6355	:	-1;
	6356	:	1048575;
	6357	:	-1;
	6358	:	-1;
	6359	:	1048575;
	6360	:	-1;
	6361	:	-16711681;
	6362	:	1048575;
	6363	:	-1;
	6364	:	-268369921;
	6365	:	-268369921;
	6366	:	-1;
	6367	:	65535;
	6368	:	-16773121;
	6369	:	-1;
	6370	:	1048575;
	6371	:	-16777216;
	6372	:	-1;
	6373	:	268435455;
	6374	:	-65536;
	6375	:	-1;
	6376	:	-1;
	6377	:	-1;
	6378	:	-1;
	6379	:	-1;
	6380	:	-1;
	6381	:	-1;
	6382	:	-1;
	6383	:	-1;
	6384	:	-1;
	6385	:	-1;
	6386	:	-1;
	6387	:	-1;
	6388	:	-1;
	6389	:	-1;
	6390	:	-1;
	6391	:	-1;
	6392	:	-1;
	6393	:	-1;
	6394	:	-1;
	6395	:	-1;
	6396	:	-1;
	6397	:	-1;
	6398	:	-1;
	6399	:	-1;
	6400	:	-1;
	6401	:	-1;
	6402	:	-1;
	6403	:	-1;
	6404	:	-1;
	6405	:	-1;
	6406	:	-1;
	6407	:	-1;
	6408	:	-1;
	6409	:	-1;
	6410	:	-1;
	6411	:	-1;
	6412	:	-1;
	6413	:	-1;
	6414	:	-1;
	6415	:	-1;
	6416	:	-1;
	6417	:	-1;
	6418	:	-1;
	6419	:	-1;
	6420	:	-1;
	6421	:	-1;
	6422	:	-1;
	6423	:	-1;
	6424	:	-1;
	6425	:	-1;
	6426	:	-1;
	6427	:	-1;
	6428	:	-1;
	6429	:	-1;
	6430	:	-1;
	6431	:	-1;
	6432	:	-1;
	6433	:	-1;
	6434	:	-1;
	6435	:	-1;
	6436	:	-1;
	6437	:	-1;
	6438	:	-1;
	6439	:	-1;
	6440	:	-1;
	6441	:	-1;
	6442	:	-1;
	6443	:	-1;
	6444	:	-1;
	6445	:	-1;
	6446	:	-1;
	6447	:	-1;
	6448	:	-1;
	6449	:	-1;
	6450	:	-1;
	6451	:	268435455;
	6452	:	-1048576;
	6453	:	-1;
	6454	:	16777215;
	6455	:	-16777216;
	6456	:	-1;
	6457	:	1048575;
	6458	:	-268431376;
	6459	:	-1;
	6460	:	-268369921;
	6461	:	-268369921;
	6462	:	-1;
	6463	:	-268369921;
	6464	:	-1;
	6465	:	-1;
	6466	:	-268369921;
	6467	:	-1;
	6468	:	-1;
	6469	:	4095;
	6470	:	-1048576;
	6471	:	-1;
	6472	:	4095;
	6473	:	-16777216;
	6474	:	-1;
	6475	:	4095;
	6476	:	-268431361;
	6477	:	-1;
	6478	:	-268431361;
	6479	:	-268369921;
	6480	:	-1;
	6481	:	-16773121;
	6482	:	1048575;
	6483	:	-1;
	6484	:	-16773121;
	6485	:	1048575;
	6486	:	-1;
	6487	:	-268369921;
	6488	:	1048575;
	6489	:	-1;
	6490	:	-268369921;
	6491	:	-268369921;
	6492	:	-1;
	6493	:	65535;
	6494	:	-268369921;
	6495	:	-1;
	6496	:	1048575;
	6497	:	-16777216;
	6498	:	-1;
	6499	:	16777215;
	6500	:	-1048576;
	6501	:	-1;
	6502	:	-1;
	6503	:	-4081;
	6504	:	-1;
	6505	:	-1;
	6506	:	-1;
	6507	:	-1;
	6508	:	-1;
	6509	:	-1;
	6510	:	-1;
	6511	:	-1;
	6512	:	-1;
	6513	:	-1;
	6514	:	-1;
	6515	:	-1;
	6516	:	-1;
	6517	:	-1;
	6518	:	-1;
	6519	:	-1;
	6520	:	-1;
	6521	:	-1;
	6522	:	-1;
	6523	:	-1;
	6524	:	-1;
	6525	:	-1;
	6526	:	-1;
	6527	:	-1;
	6528	:	-1;
	6529	:	-1;
	6530	:	-1;
	6531	:	-1;
	6532	:	-1;
	6533	:	-1;
	6534	:	-1;
	6535	:	-1;
	6536	:	-1;
	6537	:	-1;
	6538	:	-1;
	6539	:	-1;
	6540	:	-1;
	6541	:	-1;
	6542	:	-1;
	6543	:	-1;
	6544	:	-1;
	6545	:	-1;
	6546	:	-1;
	6547	:	-1;
	6548	:	-1;
	6549	:	-1;
	6550	:	-1;
	6551	:	-1;
	6552	:	-1;
	6553	:	-1;
	6554	:	-1;
	6555	:	-1;
	6556	:	-1;
	6557	:	-1;
	6558	:	-1;
	6559	:	-1;
	6560	:	-1;
	6561	:	-1;
	6562	:	-1;
	6563	:	-1;
	6564	:	-1;
	6565	:	-1;
	6566	:	-1;
	6567	:	-1;
	6568	:	-1;
	6569	:	-1;
	6570	:	-1;
	6571	:	-1;
	6572	:	-1;
	6573	:	-1;
	6574	:	-1;
	6575	:	-1;
	6576	:	-1;
	6577	:	-1;
	6578	:	-1;
	6579	:	-1;
	6580	:	65535;
	6581	:	-268435456;
	6582	:	-1;
	6583	:	65535;
	6584	:	-268435456;
	6585	:	-1;
	6586	:	1048575;
	6587	:	-268435456;
	6588	:	-1;
	6589	:	-1;
	6590	:	-16773121;
	6591	:	-1;
	6592	:	-1;
	6593	:	-16773121;
	6594	:	-1;
	6595	:	-1;
	6596	:	-1048321;
	6597	:	-1;
	6598	:	-1;
	6599	:	-65521;
	6600	:	-1;
	6601	:	-1;
	6602	:	-65521;
	6603	:	-1;
	6604	:	-1;
	6605	:	-4096;
	6606	:	-1;
	6607	:	-1;
	6608	:	-4096;
	6609	:	-1;
	6610	:	268435455;
	6611	:	-256;
	6612	:	-1;
	6613	:	268435455;
	6614	:	-256;
	6615	:	-1;
	6616	:	268435455;
	6617	:	-256;
	6618	:	-1;
	6619	:	268435455;
	6620	:	-16;
	6621	:	-1;
	6622	:	16777215;
	6623	:	-16;
	6624	:	-1;
	6625	:	16777215;
	6626	:	-16;
	6627	:	-1;
	6628	:	16777215;
	6629	:	-16;
	6630	:	-1;
	6631	:	-1;
	6632	:	-1;
	6633	:	-1;
	6634	:	-1;
	6635	:	-1;
	6636	:	-1;
	6637	:	-1;
	6638	:	-1;
	6639	:	-1;
	6640	:	-1;
	6641	:	-1;
	6642	:	-1;
	6643	:	-1;
	6644	:	-1;
	6645	:	-1;
	6646	:	-1;
	6647	:	-1;
	6648	:	-1;
	6649	:	-1;
	6650	:	-1;
	6651	:	-1;
	6652	:	-1;
	6653	:	-1;
	6654	:	-1;
	6655	:	-1;
	6656	:	-1;
	6657	:	-1;
	6658	:	-1;
	6659	:	-1;
	6660	:	-1;
	6661	:	-1;
	6662	:	-1;
	6663	:	-1;
	6664	:	-1;
	6665	:	-1;
	6666	:	-1;
	6667	:	-1;
	6668	:	-1;
	6669	:	-1;
	6670	:	-1;
	6671	:	-1;
	6672	:	-1;
	6673	:	-1;
	6674	:	-1;
	6675	:	-1;
	6676	:	-1;
	6677	:	-1;
	6678	:	-1;
	6679	:	-1;
	6680	:	-1;
	6681	:	-1;
	6682	:	-1;
	6683	:	-1;
	6684	:	-1;
	6685	:	-1;
	6686	:	-1;
	6687	:	-1;
	6688	:	-1;
	6689	:	-1;
	6690	:	-1;
	6691	:	-1;
	6692	:	-1;
	6693	:	-1;
	6694	:	-1;
	6695	:	-1;
	6696	:	-1;
	6697	:	-1;
	6698	:	-1;
	6699	:	-1;
	6700	:	-1;
	6701	:	-1;
	6702	:	-1;
	6703	:	-1;
	6704	:	-1;
	6705	:	-1;
	6706	:	-1;
	6707	:	-1;
	6708	:	-1;
	6709	:	16777215;
	6710	:	-1048576;
	6711	:	-1;
	6712	:	1048575;
	6713	:	-16777216;
	6714	:	-1;
	6715	:	65535;
	6716	:	-16773121;
	6717	:	-1;
	6718	:	-268369921;
	6719	:	-268369921;
	6720	:	-1;
	6721	:	-268369921;
	6722	:	-268369921;
	6723	:	-1;
	6724	:	65535;
	6725	:	-16773121;
	6726	:	-1;
	6727	:	1048575;
	6728	:	-16777216;
	6729	:	-1;
	6730	:	1048575;
	6731	:	-16777216;
	6732	:	-1;
	6733	:	1048575;
	6734	:	-16777216;
	6735	:	-1;
	6736	:	-268369921;
	6737	:	-268369921;
	6738	:	-1;
	6739	:	-16773121;
	6740	:	65535;
	6741	:	-1;
	6742	:	-16773121;
	6743	:	1048575;
	6744	:	-1;
	6745	:	-16773121;
	6746	:	1048575;
	6747	:	-1;
	6748	:	-268369921;
	6749	:	-268369921;
	6750	:	-1;
	6751	:	65535;
	6752	:	-268431361;
	6753	:	-1;
	6754	:	1048575;
	6755	:	-16777216;
	6756	:	-1;
	6757	:	268435455;
	6758	:	-65536;
	6759	:	-1;
	6760	:	-1;
	6761	:	-1;
	6762	:	-1;
	6763	:	-1;
	6764	:	-1;
	6765	:	-1;
	6766	:	-1;
	6767	:	-1;
	6768	:	-1;
	6769	:	-1;
	6770	:	-1;
	6771	:	-1;
	6772	:	-1;
	6773	:	-1;
	6774	:	-1;
	6775	:	-1;
	6776	:	-1;
	6777	:	-1;
	6778	:	-1;
	6779	:	-1;
	6780	:	-1;
	6781	:	-1;
	6782	:	-1;
	6783	:	-1;
	6784	:	-1;
	6785	:	-1;
	6786	:	-1;
	6787	:	-1;
	6788	:	-1;
	6789	:	-1;
	6790	:	-1;
	6791	:	-1;
	6792	:	-1;
	6793	:	-1;
	6794	:	-1;
	6795	:	-1;
	6796	:	-1;
	6797	:	-1;
	6798	:	-1;
	6799	:	-1;
	6800	:	-1;
	6801	:	-1;
	6802	:	-1;
	6803	:	-1;
	6804	:	-1;
	6805	:	-1;
	6806	:	-1;
	6807	:	-1;
	6808	:	-1;
	6809	:	-1;
	6810	:	-1;
	6811	:	-1;
	6812	:	-1;
	6813	:	-1;
	6814	:	-1;
	6815	:	-1;
	6816	:	-1;
	6817	:	-1;
	6818	:	-1;
	6819	:	-1;
	6820	:	-1;
	6821	:	-1;
	6822	:	-1;
	6823	:	-1;
	6824	:	-1;
	6825	:	-1;
	6826	:	-1;
	6827	:	-1;
	6828	:	-1;
	6829	:	-1;
	6830	:	-1;
	6831	:	-1;
	6832	:	-1;
	6833	:	-1;
	6834	:	-1;
	6835	:	-1;
	6836	:	-1;
	6837	:	-1;
	6838	:	16777215;
	6839	:	-65536;
	6840	:	-1;
	6841	:	1048575;
	6842	:	-16777216;
	6843	:	-1;
	6844	:	65535;
	6845	:	-16773121;
	6846	:	-1;
	6847	:	-268369921;
	6848	:	-268369921;
	6849	:	-1;
	6850	:	-16773121;
	6851	:	-267386881;
	6852	:	-1;
	6853	:	-16773121;
	6854	:	1048575;
	6855	:	-1;
	6856	:	-16773121;
	6857	:	65535;
	6858	:	-1;
	6859	:	-268369921;
	6860	:	65535;
	6861	:	-1;
	6862	:	65535;
	6863	:	240;
	6864	:	-1;
	6865	:	1048575;
	6866	:	0;
	6867	:	-1;
	6868	:	268435455;
	6869	:	61440;
	6870	:	-1;
	6871	:	-1;
	6872	:	-268369921;
	6873	:	-1;
	6874	:	-1;
	6875	:	-268369921;
	6876	:	-1;
	6877	:	-268369921;
	6878	:	-268369921;
	6879	:	-1;
	6880	:	65535;
	6881	:	-16776961;
	6882	:	-1;
	6883	:	1048575;
	6884	:	-1048576;
	6885	:	-1;
	6886	:	16777215;
	6887	:	-65536;
	6888	:	-1;
	6889	:	-1;
	6890	:	-1;
	6891	:	-1;
	6892	:	-1;
	6893	:	-1;
	6894	:	-1;
	6895	:	-1;
	6896	:	-1;
	6897	:	-1;
	6898	:	-1;
	6899	:	-1;
	6900	:	-1;
	6901	:	-1;
	6902	:	-1;
	6903	:	-1;
	6904	:	-1;
	6905	:	-1;
	6906	:	-1;
	6907	:	-1;
	6908	:	-1;
	6909	:	-1;
	6910	:	-1;
	6911	:	-1;
	6912	:	-1;
	6913	:	-1;
	6914	:	-1;
	6915	:	-1;
	6916	:	-1;
	6917	:	-1;
	6918	:	-1;
	6919	:	-1;
	6920	:	-1;
	6921	:	-1;
	6922	:	-1;
	6923	:	-1;
	6924	:	-1;
	6925	:	-1;
	6926	:	-1;
	6927	:	-1;
	6928	:	-1;
	6929	:	-1;
	6930	:	-1;
	6931	:	-1;
	6932	:	-1;
	6933	:	-1;
	6934	:	-1;
	6935	:	-1;
	6936	:	-1;
	6937	:	-1;
	6938	:	-1;
	6939	:	-1;
	6940	:	-1;
	6941	:	-1;
	6942	:	-1;
	6943	:	-1;
	6944	:	-1;
	6945	:	-1;
	6946	:	-1;
	6947	:	-1;
	6948	:	-1;
	6949	:	-1;
	6950	:	-1;
	6951	:	-1;
	6952	:	-1;
	6953	:	-1;
	6954	:	-1;
	6955	:	-1;
	6956	:	-1;
	6957	:	-1;
	6958	:	-1;
	6959	:	-1;
	6960	:	-1;
	6961	:	5;
	6962	:	7032;
	6963	:	7033;
	6964	:	0;
	6965	:	5;
	6966	:	-2147483518;
	6967	:	7029;
	6968	:	0;
	6969	:	13;
	6970	:	6993;
	6971	:	7030;
	6972	:	7034;
	6973	:	5;
	6974	:	-2147483519;
	6975	:	7033;
	6976	:	0;
	6977	:	5;
	6978	:	-2147483520;
	6979	:	7034;
	6980	:	0;
	6981	:	13;
	6982	:	7013;
	6983	:	7033;
	6984	:	7033;
	6985	:	5;
	6986	:	7032;
	6987	:	-2147483516;
	6988	:	0;
	6989	:	13;
	6990	:	7025;
	6991	:	7033;
	6992	:	7033;
	6993	:	5;
	6994	:	-2147483519;
	6995	:	7034;
	6996	:	0;
	6997	:	5;
	6998	:	-2147483517;
	6999	:	7031;
	7000	:	0;
	7001	:	5;
	7002	:	-2147483520;
	7003	:	7034;
	7004	:	0;
	7005	:	13;
	7006	:	7013;
	7007	:	7033;
	7008	:	7033;
	7009	:	13;
	7010	:	7025;
	7011	:	7033;
	7012	:	7033;
	7013	:	13;
	7014	:	7013;
	7015	:	-2147483520;
	7016	:	7034;
	7017	:	13;
	7018	:	6985;
	7019	:	7030;
	7020	:	7033;
	7021	:	13;
	7022	:	7009;
	7023	:	7030;
	7024	:	7034;
	7025	:	17;
	7026	:	7035;
	7027	:	0;
	7028	:	0;
	7029	:	0;
	7030	:	0;
	7031	:	0;
	7032	:	0;
	7033	:	0;
	7034	:	1;
	7035	:	0;
	7036	:	5;
	7037	:	7107;
	7038	:	7108;
	7039	:	0;
	7040	:	5;
	7041	:	-2147483598;
	7042	:	7104;
	7043	:	0;
	7044	:	13;
	7045	:	7068;
	7046	:	7105;
	7047	:	7109;
	7048	:	5;
	7049	:	-2147483599;
	7050	:	7108;
	7051	:	0;
	7052	:	5;
	7053	:	-2147483600;
	7054	:	7109;
	7055	:	0;
	7056	:	13;
	7057	:	7088;
	7058	:	7108;
	7059	:	7108;
	7060	:	5;
	7061	:	7107;
	7062	:	-2147483596;
	7063	:	0;
	7064	:	13;
	7065	:	7100;
	7066	:	7108;
	7067	:	7108;
	7068	:	5;
	7069	:	-2147483599;
	7070	:	7109;
	7071	:	0;
	7072	:	5;
	7073	:	-2147483597;
	7074	:	7106;
	7075	:	0;
	7076	:	5;
	7077	:	-2147483600;
	7078	:	7109;
	7079	:	0;
	7080	:	13;
	7081	:	7088;
	7082	:	7108;
	7083	:	7108;
	7084	:	13;
	7085	:	7100;
	7086	:	7108;
	7087	:	7108;
	7088	:	13;
	7089	:	7088;
	7090	:	-2147483600;
	7091	:	7109;
	7092	:	13;
	7093	:	7060;
	7094	:	7105;
	7095	:	7108;
	7096	:	13;
	7097	:	7084;
	7098	:	7105;
	7099	:	7109;
	7100	:	17;
	7101	:	7110;
	7102	:	0;
	7103	:	0;
	7104	:	0;
	7105	:	0;
	7106	:	0;
	7107	:	0;
	7108	:	0;
	7109	:	1;
	7110	:	0;
	7111	:	12;
	7112	:	32;
	7113	:	82977;
	7114	:	0;
	7115	:	0;
	7116	:	0;
	7117	:	3;
	7118	:	7114;
	7119	:	7111;
	7120	:	7113;
	7121	:	5;
	7122	:	7030;
	7123	:	1037;
	7124	:	0;
	7125	:	5;
	7126	:	7105;
	7127	:	1038;
	7128	:	0;
	7129	:	13;
	7130	:	7161;
	7131	:	7116;
	7132	:	7114;
	7133	:	5;
	7134	:	7029;
	7135	:	7116;
	7136	:	0;
	7137	:	16;
	7138	:	6961;
	7139	:	7035;
	7140	:	0;
	7141	:	5;
	7142	:	7104;
	7143	:	7116;
	7144	:	0;
	7145	:	5;
	7146	:	7106;
	7147	:	7032;
	7148	:	0;
	7149	:	16;
	7150	:	7036;
	7151	:	7110;
	7152	:	0;
	7153	:	1;
	7154	:	7116;
	7155	:	7116;
	7156	:	1038;
	7157	:	13;
	7158	:	7129;
	7159	:	0;
	7160	:	0;
	7161	:	17;
	7162	:	7115;
	7163	:	0;
	7164	:	0;
	7165	:	0;
	7166	:	0;
	7167	:	0;
	7168	:	0;
	7169	:	0;
	7170	:	0;
	7171	:	0;
	7172	:	0;
	7173	:	0;
	7174	:	3;
	7175	:	7167;
	7176	:	7167;
	7177	:	7113;
	7178	:	5;
	7179	:	7171;
	7180	:	1037;
	7181	:	0;
	7182	:	5;
	7183	:	7172;
	7184	:	1037;
	7185	:	0;
	7186	:	1;
	7187	:	7169;
	7188	:	7167;
	7189	:	7113;
	7190	:	1;
	7191	:	7170;
	7192	:	7167;
	7193	:	7112;
	7194	:	5;
	7195	:	7105;
	7196	:	1037;
	7197	:	0;
	7198	:	5;
	7199	:	7104;
	7200	:	7167;
	7201	:	0;
	7202	:	16;
	7203	:	7036;
	7204	:	7110;
	7205	:	0;
	7206	:	5;
	7207	:	520;
	7208	:	7107;
	7209	:	0;
	7210	:	1;
	7211	:	7167;
	7212	:	7167;
	7213	:	1021;
	7214	:	13;
	7215	:	7242;
	7216	:	7167;
	7217	:	7170;
	7218	:	5;
	7219	:	7104;
	7220	:	7167;
	7221	:	0;
	7222	:	16;
	7223	:	7036;
	7224	:	7110;
	7225	:	0;
	7226	:	12;
	7227	:	7107;
	7228	:	453;
	7229	:	7172;
	7230	:	1;
	7231	:	7167;
	7232	:	7167;
	7233	:	1038;
	7234	:	1;
	7235	:	7172;
	7236	:	7172;
	7237	:	1038;
	7238	:	13;
	7239	:	7214;
	7240	:	0;
	7241	:	0;
	7242	:	5;
	7243	:	7171;
	7244	:	1037;
	7245	:	0;
	7246	:	5;
	7247	:	7173;
	7248	:	1037;
	7249	:	0;
	7250	:	13;
	7251	:	7314;
	7252	:	7171;
	7253	:	8052;
	7254	:	5;
	7255	:	7173;
	7256	:	1037;
	7257	:	0;
	7258	:	13;
	7259	:	7306;
	7260	:	7173;
	7261	:	8051;
	7262	:	5;
	7263	:	7104;
	7264	:	7167;
	7265	:	0;
	7266	:	16;
	7267	:	7036;
	7268	:	7110;
	7269	:	0;
	7270	:	5;
	7271	:	1363;
	7272	:	7107;
	7273	:	0;
	7274	:	1;
	7275	:	1359;
	7276	:	7165;
	7277	:	7173;
	7278	:	1;
	7279	:	1360;
	7280	:	7166;
	7281	:	7171;
	7282	:	1;
	7283	:	1361;
	7284	:	1359;
	7285	:	1038;
	7286	:	1;
	7287	:	1362;
	7288	:	1360;
	7289	:	1038;
	7290	:	16;
	7291	:	1365;
	7292	:	1364;
	7293	:	0;
	7294	:	1;
	7295	:	7167;
	7296	:	7167;
	7297	:	1038;
	7298	:	1;
	7299	:	7173;
	7300	:	7173;
	7301	:	1038;
	7302	:	13;
	7303	:	7258;
	7304	:	0;
	7305	:	0;
	7306	:	1;
	7307	:	7171;
	7308	:	7171;
	7309	:	1038;
	7310	:	13;
	7311	:	7250;
	7312	:	0;
	7313	:	0;
	7314	:	17;
	7315	:	7168;
	7316	:	0;
	7317	:	0;
	7318	:	5;
	7319	:	7373;
	7320	:	7374;
	7321	:	0;
	7322	:	5;
	7323	:	7370;
	7324	:	-2147483616;
	7325	:	0;
	7326	:	13;
	7327	:	7362;
	7328	:	7370;
	7329	:	7375;
	7330	:	5;
	7331	:	7371;
	7332	:	-2147483615;
	7333	:	0;
	7334	:	13;
	7335	:	7354;
	7336	:	7371;
	7337	:	7374;
	7338	:	5;
	7339	:	7372;
	7340	:	-2147483614;
	7341	:	0;
	7342	:	5;
	7343	:	7373;
	7344	:	7375;
	7345	:	0;
	7346	:	5;
	7347	:	-2147483616;
	7348	:	7375;
	7349	:	0;
	7350	:	17;
	7351	:	7376;
	7352	:	0;
	7353	:	0;
	7354	:	5;
	7355	:	-2147483616;
	7356	:	7375;
	7357	:	0;
	7358	:	13;
	7359	:	7362;
	7360	:	7374;
	7361	:	7374;
	7362	:	5;
	7363	:	7373;
	7364	:	7374;
	7365	:	0;
	7366	:	17;
	7367	:	7376;
	7368	:	0;
	7369	:	0;
	7370	:	0;
	7371	:	0;
	7372	:	0;
	7373	:	0;
	7374	:	0;
	7375	:	1;
	7376	:	0;
	7377	:	0;
	7378	:	0;
	7379	:	11;
	7380	:	7377;
	7381	:	0;
	7382	:	1992;
	7383	:	13;
	7384	:	7391;
	7385	:	1965;
	7386	:	7377;
	7387	:	17;
	7388	:	7378;
	7389	:	0;
	7390	:	0;
	7391	:	17;
	7392	:	7395;
	7393	:	0;
	7394	:	0;
	7395	:	0;
	7396	:	13;
	7397	:	7379;
	7398	:	0;
	7399	:	0;
	7400	:	0;
	7401	:	0;
	7402	:	11;
	7403	:	7401;
	7404	:	0;
	7405	:	7410;
	7406	:	17;
	7407	:	7400;
	7408	:	0;
	7409	:	0;
	7410	:	-2147483643;
	7411	:	5;
	7412	:	7466;
	7413	:	7468;
	7414	:	0;
	7415	:	16;
	7416	:	7474;
	7417	:	7470;
	7418	:	0;
	7419	:	11;
	7420	:	7463;
	7421	:	453;
	7422	:	7466;
	7423	:	11;
	7424	:	7464;
	7425	:	487;
	7426	:	7466;
	7427	:	14;
	7428	:	7443;
	7429	:	7463;
	7430	:	7464;
	7431	:	1;
	7432	:	7466;
	7433	:	7466;
	7434	:	7467;
	7435	:	14;
	7436	:	7419;
	7437	:	520;
	7438	:	7466;
	7439	:	13;
	7440	:	7451;
	7441	:	7468;
	7442	:	7468;
	7443	:	5;
	7444	:	7465;
	7445	:	7467;
	7446	:	0;
	7447	:	13;
	7448	:	7459;
	7449	:	7468;
	7450	:	7468;
	7451	:	5;
	7452	:	7465;
	7453	:	7468;
	7454	:	0;
	7455	:	13;
	7456	:	7459;
	7457	:	7468;
	7458	:	7468;
	7459	:	17;
	7460	:	7469;
	7461	:	0;
	7462	:	0;
	7463	:	0;
	7464	:	0;
	7465	:	1;
	7466	:	0;
	7467	:	1;
	7468	:	0;
	7469	:	0;
	7470	:	0;
	7471	:	0;
	7472	:	0;
	7473	:	32;
	7474	:	5;
	7475	:	7471;
	7476	:	1020;
	7477	:	0;
	7478	:	13;
	7479	:	7502;
	7480	:	7471;
	7481	:	520;
	7482	:	11;
	7483	:	7472;
	7484	:	487;
	7485	:	7471;
	7486	:	2;
	7487	:	7472;
	7488	:	7472;
	7489	:	7473;
	7490	:	12;
	7491	:	7472;
	7492	:	487;
	7493	:	7471;
	7494	:	1;
	7495	:	7471;
	7496	:	7471;
	7497	:	1021;
	7498	:	13;
	7499	:	7478;
	7500	:	0;
	7501	:	0;
	7502	:	17;
	7503	:	7470;
	7504	:	0;
	7505	:	0;
	7506	:	5;
	7507	:	7553;
	7508	:	1020;
	7509	:	0;
	7510	:	5;
	7511	:	7551;
	7512	:	1020;
	7513	:	0;
	7514	:	13;
	7515	:	7542;
	7516	:	7551;
	7517	:	1067;
	7518	:	11;
	7519	:	7552;
	7520	:	1041;
	7521	:	7551;
	7522	:	13;
	7523	:	7534;
	7524	:	7552;
	7525	:	7372;
	7526	:	1;
	7527	:	7551;
	7528	:	7551;
	7529	:	1021;
	7530	:	13;
	7531	:	7514;
	7532	:	1020;
	7533	:	1020;
	7534	:	5;
	7535	:	7553;
	7536	:	1021;
	7537	:	0;
	7538	:	17;
	7539	:	7550;
	7540	:	0;
	7541	:	0;
	7542	:	5;
	7543	:	7553;
	7544	:	1020;
	7545	:	0;
	7546	:	17;
	7547	:	7550;
	7548	:	0;
	7549	:	0;
	7550	:	0;
	7551	:	0;
	7552	:	0;
	7553	:	0;
	7554	:	0;
	7555	:	5;
	7556	:	1636;
	7557	:	1068;
	7558	:	0;
	7559	:	16;
	7560	:	1638;
	7561	:	1637;
	7562	:	0;
	7563	:	5;
	7564	:	1105;
	7565	:	532;
	7566	:	0;
	7567	:	5;
	7568	:	1107;
	7569	:	526;
	7570	:	0;
	7571	:	5;
	7572	:	1108;
	7573	:	527;
	7574	:	0;
	7575	:	16;
	7576	:	1113;
	7577	:	1106;
	7578	:	0;
	7579	:	5;
	7580	:	1105;
	7581	:	541;
	7582	:	0;
	7583	:	5;
	7584	:	1107;
	7585	:	528;
	7586	:	0;
	7587	:	5;
	7588	:	1108;
	7589	:	529;
	7590	:	0;
	7591	:	16;
	7592	:	1113;
	7593	:	1106;
	7594	:	0;
	7595	:	5;
	7596	:	1105;
	7597	:	555;
	7598	:	0;
	7599	:	5;
	7600	:	1107;
	7601	:	530;
	7602	:	0;
	7603	:	5;
	7604	:	1108;
	7605	:	531;
	7606	:	0;
	7607	:	16;
	7608	:	1113;
	7609	:	1106;
	7610	:	0;
	7611	:	17;
	7612	:	7554;
	7613	:	0;
	7614	:	0;
	7615	:	0;
	7616	:	5;
	7617	:	1636;
	7618	:	1068;
	7619	:	0;
	7620	:	16;
	7621	:	1638;
	7622	:	1637;
	7623	:	0;
	7624	:	5;
	7625	:	1105;
	7626	:	586;
	7627	:	0;
	7628	:	5;
	7629	:	1107;
	7630	:	570;
	7631	:	0;
	7632	:	5;
	7633	:	1108;
	7634	:	571;
	7635	:	0;
	7636	:	16;
	7637	:	1113;
	7638	:	1106;
	7639	:	0;
	7640	:	5;
	7641	:	1105;
	7642	:	613;
	7643	:	0;
	7644	:	5;
	7645	:	1107;
	7646	:	574;
	7647	:	0;
	7648	:	5;
	7649	:	1108;
	7650	:	575;
	7651	:	0;
	7652	:	16;
	7653	:	1113;
	7654	:	1106;
	7655	:	0;
	7656	:	5;
	7657	:	1105;
	7658	:	601;
	7659	:	0;
	7660	:	5;
	7661	:	1107;
	7662	:	572;
	7663	:	0;
	7664	:	5;
	7665	:	1108;
	7666	:	573;
	7667	:	0;
	7668	:	16;
	7669	:	1113;
	7670	:	1106;
	7671	:	0;
	7672	:	5;
	7673	:	1105;
	7674	:	621;
	7675	:	0;
	7676	:	5;
	7677	:	1107;
	7678	:	576;
	7679	:	0;
	7680	:	5;
	7681	:	1108;
	7682	:	577;
	7683	:	0;
	7684	:	16;
	7685	:	1113;
	7686	:	1106;
	7687	:	0;
	7688	:	17;
	7689	:	7615;
	7690	:	0;
	7691	:	0;
	7692	:	0;
	7693	:	5;
	7694	:	1636;
	7695	:	1068;
	7696	:	0;
	7697	:	16;
	7698	:	1638;
	7699	:	1637;
	7700	:	0;
	7701	:	5;
	7702	:	1105;
	7703	:	651;
	7704	:	0;
	7705	:	5;
	7706	:	1107;
	7707	:	578;
	7708	:	0;
	7709	:	5;
	7710	:	1108;
	7711	:	579;
	7712	:	0;
	7713	:	16;
	7714	:	1113;
	7715	:	1106;
	7716	:	0;
	7717	:	5;
	7718	:	1105;
	7719	:	668;
	7720	:	0;
	7721	:	5;
	7722	:	1107;
	7723	:	580;
	7724	:	0;
	7725	:	5;
	7726	:	1108;
	7727	:	581;
	7728	:	0;
	7729	:	16;
	7730	:	1113;
	7731	:	1106;
	7732	:	0;
	7733	:	5;
	7734	:	1105;
	7735	:	684;
	7736	:	0;
	7737	:	5;
	7738	:	1107;
	7739	:	582;
	7740	:	0;
	7741	:	5;
	7742	:	1108;
	7743	:	583;
	7744	:	0;
	7745	:	16;
	7746	:	1113;
	7747	:	1106;
	7748	:	0;
	7749	:	5;
	7750	:	1105;
	7751	:	705;
	7752	:	0;
	7753	:	5;
	7754	:	1107;
	7755	:	584;
	7756	:	0;
	7757	:	5;
	7758	:	1108;
	7759	:	585;
	7760	:	0;
	7761	:	16;
	7762	:	1113;
	7763	:	1106;
	7764	:	0;
	7765	:	17;
	7766	:	7692;
	7767	:	0;
	7768	:	0;
	7769	:	0;
	7770	:	5;
	7771	:	1636;
	7772	:	1068;
	7773	:	0;
	7774	:	16;
	7775	:	1638;
	7776	:	1637;
	7777	:	0;
	7778	:	5;
	7779	:	1105;
	7780	:	762;
	7781	:	0;
	7782	:	5;
	7783	:	1107;
	7784	:	752;
	7785	:	0;
	7786	:	5;
	7787	:	1108;
	7788	:	753;
	7789	:	0;
	7790	:	16;
	7791	:	1113;
	7792	:	1106;
	7793	:	0;
	7794	:	5;
	7795	:	1105;
	7796	:	803;
	7797	:	0;
	7798	:	5;
	7799	:	1107;
	7800	:	758;
	7801	:	0;
	7802	:	5;
	7803	:	1108;
	7804	:	759;
	7805	:	0;
	7806	:	16;
	7807	:	1113;
	7808	:	1106;
	7809	:	0;
	7810	:	13;
	7811	:	7870;
	7812	:	444;
	7813	:	1021;
	7814	:	13;
	7815	:	7890;
	7816	:	444;
	7817	:	1020;
	7818	:	5;
	7819	:	1105;
	7820	:	778;
	7821	:	0;
	7822	:	5;
	7823	:	1107;
	7824	:	754;
	7825	:	0;
	7826	:	5;
	7827	:	1108;
	7828	:	755;
	7829	:	0;
	7830	:	16;
	7831	:	1113;
	7832	:	1106;
	7833	:	0;
	7834	:	5;
	7835	:	1105;
	7836	:	790;
	7837	:	0;
	7838	:	5;
	7839	:	1107;
	7840	:	756;
	7841	:	0;
	7842	:	5;
	7843	:	1108;
	7844	:	757;
	7845	:	0;
	7846	:	16;
	7847	:	1113;
	7848	:	1106;
	7849	:	0;
	7850	:	5;
	7851	:	1105;
	7852	:	730;
	7853	:	0;
	7854	:	5;
	7855	:	1107;
	7856	:	728;
	7857	:	0;
	7858	:	5;
	7859	:	1108;
	7860	:	729;
	7861	:	0;
	7862	:	16;
	7863	:	1113;
	7864	:	1106;
	7865	:	0;
	7866	:	17;
	7867	:	7769;
	7868	:	0;
	7869	:	0;
	7870	:	5;
	7871	:	1105;
	7872	:	824;
	7873	:	0;
	7874	:	5;
	7875	:	1107;
	7876	:	760;
	7877	:	0;
	7878	:	5;
	7879	:	1108;
	7880	:	761;
	7881	:	0;
	7882	:	16;
	7883	:	1113;
	7884	:	1106;
	7885	:	0;
	7886	:	13;
	7887	:	7818;
	7888	:	1020;
	7889	:	1020;
	7890	:	5;
	7891	:	1105;
	7892	:	828;
	7893	:	0;
	7894	:	5;
	7895	:	1107;
	7896	:	760;
	7897	:	0;
	7898	:	5;
	7899	:	1108;
	7900	:	761;
	7901	:	0;
	7902	:	16;
	7903	:	1113;
	7904	:	1106;
	7905	:	0;
	7906	:	13;
	7907	:	7818;
	7908	:	1020;
	7909	:	1020;
	7910	:	0;
	7911	:	5;
	7912	:	1636;
	7913	:	1068;
	7914	:	0;
	7915	:	16;
	7916	:	1638;
	7917	:	1637;
	7918	:	0;
	7919	:	5;
	7920	:	1105;
	7921	:	843;
	7922	:	0;
	7923	:	5;
	7924	:	1107;
	7925	:	833;
	7926	:	0;
	7927	:	5;
	7928	:	1108;
	7929	:	834;
	7930	:	0;
	7931	:	16;
	7932	:	1113;
	7933	:	1106;
	7934	:	0;
	7935	:	5;
	7936	:	1105;
	7937	:	882;
	7938	:	0;
	7939	:	5;
	7940	:	1107;
	7941	:	839;
	7942	:	0;
	7943	:	5;
	7944	:	1108;
	7945	:	840;
	7946	:	0;
	7947	:	16;
	7948	:	1113;
	7949	:	1106;
	7950	:	0;
	7951	:	13;
	7952	:	8011;
	7953	:	443;
	7954	:	1020;
	7955	:	13;
	7956	:	8031;
	7957	:	443;
	7958	:	1021;
	7959	:	5;
	7960	:	1105;
	7961	:	864;
	7962	:	0;
	7963	:	5;
	7964	:	1107;
	7965	:	835;
	7966	:	0;
	7967	:	5;
	7968	:	1108;
	7969	:	836;
	7970	:	0;
	7971	:	16;
	7972	:	1113;
	7973	:	1106;
	7974	:	0;
	7975	:	5;
	7976	:	1105;
	7977	:	872;
	7978	:	0;
	7979	:	5;
	7980	:	1107;
	7981	:	837;
	7982	:	0;
	7983	:	5;
	7984	:	1108;
	7985	:	838;
	7986	:	0;
	7987	:	16;
	7988	:	1113;
	7989	:	1106;
	7990	:	0;
	7991	:	5;
	7992	:	1105;
	7993	:	730;
	7994	:	0;
	7995	:	5;
	7996	:	1107;
	7997	:	728;
	7998	:	0;
	7999	:	5;
	8000	:	1108;
	8001	:	729;
	8002	:	0;
	8003	:	16;
	8004	:	1113;
	8005	:	1106;
	8006	:	0;
	8007	:	17;
	8008	:	7910;
	8009	:	0;
	8010	:	0;
	8011	:	5;
	8012	:	1105;
	8013	:	905;
	8014	:	0;
	8015	:	5;
	8016	:	1107;
	8017	:	841;
	8018	:	0;
	8019	:	5;
	8020	:	1108;
	8021	:	842;
	8022	:	0;
	8023	:	16;
	8024	:	1113;
	8025	:	1106;
	8026	:	0;
	8027	:	13;
	8028	:	7959;
	8029	:	1020;
	8030	:	1020;
	8031	:	5;
	8032	:	1105;
	8033	:	911;
	8034	:	0;
	8035	:	5;
	8036	:	1107;
	8037	:	841;
	8038	:	0;
	8039	:	5;
	8040	:	1108;
	8041	:	842;
	8042	:	0;
	8043	:	16;
	8044	:	1113;
	8045	:	1106;
	8046	:	0;
	8047	:	13;
	8048	:	7959;
	8049	:	1020;
	8050	:	1020;
	8051	:	384;
	8052	:	216;
	8053	:	128;
	8054	:	40;
	8055	:	260;
	8056	:	278;
	8057	:	390;
	8058	:	278;
	8059	:	-1;
	8060	:	0;
	8061	:	5;
	8062	:	1636;
	8063	:	1068;
	8064	:	0;
	8065	:	5;
	8066	:	436;
	8067	:	1020;
	8068	:	0;
	8069	:	16;
	8070	:	1638;
	8071	:	1637;
	8072	:	0;
	8073	:	5;
	8074	:	1105;
	8075	:	921;
	8076	:	0;
	8077	:	5;
	8078	:	1107;
	8079	:	919;
	8080	:	0;
	8081	:	5;
	8082	:	1108;
	8083	:	920;
	8084	:	0;
	8085	:	16;
	8086	:	1113;
	8087	:	1106;
	8088	:	0;
	8089	:	5;
	8090	:	7165;
	8091	:	8053;
	8092	:	0;
	8093	:	5;
	8094	:	7166;
	8095	:	8054;
	8096	:	0;
	8097	:	16;
	8098	:	8616;
	8099	:	8614;
	8100	:	0;
	8101	:	5;
	8102	:	7167;
	8103	:	8615;
	8104	:	0;
	8105	:	13;
	8106	:	8113;
	8107	:	1965;
	8108	:	443;
	8109	:	1;
	8110	:	7167;
	8111	:	7167;
	8112	:	1026;
	8113	:	13;
	8114	:	8097;
	8115	:	8059;
	8116	:	7167;
	8117	:	5;
	8118	:	8059;
	8119	:	7167;
	8120	:	0;
	8121	:	16;
	8122	:	7174;
	8123	:	7168;
	8124	:	0;
	8125	:	16;
	8126	:	8177;
	8127	:	8165;
	8128	:	0;
	8129	:	5;
	8130	:	1105;
	8131	:	976;
	8132	:	0;
	8133	:	5;
	8134	:	1107;
	8135	:	8055;
	8136	:	0;
	8137	:	5;
	8138	:	1108;
	8139	:	8056;
	8140	:	0;
	8141	:	16;
	8142	:	1113;
	8143	:	1106;
	8144	:	0;
	8145	:	1;
	8146	:	1169;
	8147	:	1027;
	8148	:	450;
	8149	:	5;
	8150	:	1170;
	8151	:	8057;
	8152	:	0;
	8153	:	5;
	8154	:	1171;
	8155	:	8058;
	8156	:	0;
	8157	:	16;
	8158	:	1185;
	8159	:	1173;
	8160	:	0;
	8161	:	17;
	8162	:	8060;
	8163	:	0;
	8164	:	0;
	8165	:	0;
	8166	:	0;
	8167	:	0;
	8168	:	0;
	8169	:	330;
	8170	:	0;
	8171	:	390;
	8172	:	60;
	8173	:	40;
	8174	:	6;
	8175	:	0;
	8176	:	10;
	8177	:	5;
	8178	:	8167;
	8179	:	1020;
	8180	:	0;
	8181	:	5;
	8182	:	8166;
	8183	:	520;
	8184	:	0;
	8185	:	5;
	8186	:	8168;
	8187	:	8169;
	8188	:	0;
	8189	:	5;
	8190	:	8170;
	8191	:	8171;
	8192	:	0;
	8193	:	4;
	8194	:	8176;
	8195	:	8172;
	8196	:	1022;
	8197	:	3;
	8198	:	8175;
	8199	:	8166;
	8200	:	8176;
	8201	:	2;
	8202	:	8168;
	8203	:	8168;
	8204	:	8175;
	8205	:	5;
	8206	:	1363;
	8207	:	1037;
	8208	:	0;
	8209	:	13;
	8210	:	8245;
	8211	:	8167;
	8212	:	8166;
	8213	:	5;
	8214	:	1359;
	8215	:	8168;
	8216	:	0;
	8217	:	1;
	8218	:	1361;
	8219	:	1359;
	8220	:	8173;
	8221	:	5;
	8222	:	1360;
	8223	:	8170;
	8224	:	0;
	8225	:	1;
	8226	:	1362;
	8227	:	1360;
	8228	:	8174;
	8229	:	16;
	8230	:	1365;
	8231	:	1364;
	8232	:	0;
	8233	:	1;
	8234	:	8168;
	8235	:	8168;
	8236	:	8172;
	8237	:	1;
	8238	:	8167;
	8239	:	8167;
	8240	:	1038;
	8241	:	13;
	8242	:	8209;
	8243	:	0;
	8244	:	0;
	8245	:	17;
	8246	:	8165;
	8247	:	0;
	8248	:	0;
	8249	:	0;
	8250	:	5;
	8251	:	1636;
	8252	:	1068;
	8253	:	0;
	8254	:	16;
	8255	:	1638;
	8256	:	1637;
	8257	:	0;
	8258	:	5;
	8259	:	1105;
	8260	:	965;
	8261	:	0;
	8262	:	5;
	8263	:	1107;
	8264	:	951;
	8265	:	0;
	8266	:	5;
	8267	:	1108;
	8268	:	952;
	8269	:	0;
	8270	:	16;
	8271	:	1113;
	8272	:	1106;
	8273	:	0;
	8274	:	5;
	8275	:	1105;
	8276	:	976;
	8277	:	0;
	8278	:	5;
	8279	:	1107;
	8280	:	953;
	8281	:	0;
	8282	:	5;
	8283	:	1108;
	8284	:	954;
	8285	:	0;
	8286	:	16;
	8287	:	1113;
	8288	:	1106;
	8289	:	0;
	8290	:	5;
	8291	:	1105;
	8292	:	984;
	8293	:	0;
	8294	:	5;
	8295	:	1107;
	8296	:	955;
	8297	:	0;
	8298	:	5;
	8299	:	1108;
	8300	:	956;
	8301	:	0;
	8302	:	16;
	8303	:	1113;
	8304	:	1106;
	8305	:	0;
	8306	:	5;
	8307	:	1105;
	8308	:	992;
	8309	:	0;
	8310	:	5;
	8311	:	1107;
	8312	:	957;
	8313	:	0;
	8314	:	5;
	8315	:	1108;
	8316	:	958;
	8317	:	0;
	8318	:	16;
	8319	:	1113;
	8320	:	1106;
	8321	:	0;
	8322	:	5;
	8323	:	1105;
	8324	:	995;
	8325	:	0;
	8326	:	5;
	8327	:	1107;
	8328	:	959;
	8329	:	0;
	8330	:	5;
	8331	:	1108;
	8332	:	960;
	8333	:	0;
	8334	:	16;
	8335	:	1113;
	8336	:	1106;
	8337	:	0;
	8338	:	5;
	8339	:	1105;
	8340	:	998;
	8341	:	0;
	8342	:	5;
	8343	:	1107;
	8344	:	961;
	8345	:	0;
	8346	:	5;
	8347	:	1108;
	8348	:	962;
	8349	:	0;
	8350	:	16;
	8351	:	1113;
	8352	:	1106;
	8353	:	0;
	8354	:	5;
	8355	:	1105;
	8356	:	1012;
	8357	:	0;
	8358	:	5;
	8359	:	1107;
	8360	:	963;
	8361	:	0;
	8362	:	5;
	8363	:	1108;
	8364	:	964;
	8365	:	0;
	8366	:	16;
	8367	:	1113;
	8368	:	1106;
	8369	:	0;
	8370	:	17;
	8371	:	8249;
	8372	:	0;
	8373	:	0;
	8374	:	8374;
	8375	:	16;
	8376	:	7318;
	8377	:	7376;
	8378	:	0;
	8379	:	13;
	8380	:	8375;
	8381	:	7373;
	8382	:	1020;
	8383	:	13;
	8384	:	52;
	8385	:	7372;
	8386	:	1028;
	8387	:	13;
	8388	:	8395;
	8389	:	7372;
	8390	:	1029;
	8391	:	13;
	8392	:	8375;
	8393	:	1020;
	8394	:	1020;
	8395	:	5;
	8396	:	445;
	8397	:	1021;
	8398	:	0;
	8399	:	16;
	8400	:	7693;
	8401	:	7692;
	8402	:	0;
	8403	:	16;
	8404	:	7318;
	8405	:	7376;
	8406	:	0;
	8407	:	13;
	8408	:	8403;
	8409	:	7373;
	8410	:	1020;
	8411	:	13;
	8412	:	8439;
	8413	:	7372;
	8414	:	1028;
	8415	:	13;
	8416	:	8491;
	8417	:	7372;
	8418	:	1029;
	8419	:	13;
	8420	:	8427;
	8421	:	7372;
	8422	:	1030;
	8423	:	13;
	8424	:	8403;
	8425	:	1020;
	8426	:	1020;
	8427	:	16;
	8428	:	7616;
	8429	:	7615;
	8430	:	0;
	8431	:	5;
	8432	:	445;
	8433	:	1020;
	8434	:	0;
	8435	:	13;
	8436	:	8375;
	8437	:	1020;
	8438	:	1020;
	8439	:	16;
	8440	:	7770;
	8441	:	7769;
	8442	:	0;
	8443	:	16;
	8444	:	7318;
	8445	:	7376;
	8446	:	0;
	8447	:	13;
	8448	:	8443;
	8449	:	7373;
	8450	:	1020;
	8451	:	13;
	8452	:	8467;
	8453	:	7372;
	8454	:	1028;
	8455	:	13;
	8456	:	8479;
	8457	:	7372;
	8458	:	1029;
	8459	:	13;
	8460	:	8543;
	8461	:	7372;
	8462	:	1030;
	8463	:	13;
	8464	:	8443;
	8465	:	1020;
	8466	:	1020;
	8467	:	5;
	8468	:	444;
	8469	:	1021;
	8470	:	0;
	8471	:	16;
	8472	:	7770;
	8473	:	7769;
	8474	:	0;
	8475	:	13;
	8476	:	8443;
	8477	:	1020;
	8478	:	1020;
	8479	:	5;
	8480	:	444;
	8481	:	1020;
	8482	:	0;
	8483	:	16;
	8484	:	7770;
	8485	:	7769;
	8486	:	0;
	8487	:	13;
	8488	:	8443;
	8489	:	1020;
	8490	:	1020;
	8491	:	16;
	8492	:	7911;
	8493	:	7910;
	8494	:	0;
	8495	:	16;
	8496	:	7318;
	8497	:	7376;
	8498	:	0;
	8499	:	13;
	8500	:	8495;
	8501	:	7373;
	8502	:	1020;
	8503	:	13;
	8504	:	8519;
	8505	:	7372;
	8506	:	1028;
	8507	:	13;
	8508	:	8531;
	8509	:	7372;
	8510	:	1029;
	8511	:	13;
	8512	:	8543;
	8513	:	7372;
	8514	:	1030;
	8515	:	13;
	8516	:	8495;
	8517	:	1020;
	8518	:	1020;
	8519	:	5;
	8520	:	443;
	8521	:	1020;
	8522	:	0;
	8523	:	16;
	8524	:	7911;
	8525	:	7910;
	8526	:	0;
	8527	:	13;
	8528	:	8495;
	8529	:	1020;
	8530	:	1020;
	8531	:	5;
	8532	:	443;
	8533	:	1021;
	8534	:	0;
	8535	:	16;
	8536	:	7911;
	8537	:	7910;
	8538	:	0;
	8539	:	13;
	8540	:	8495;
	8541	:	1020;
	8542	:	1020;
	8543	:	13;
	8544	:	8395;
	8545	:	1020;
	8546	:	1020;
	8547	:	1;
	8548	:	8591;
	8549	:	450;
	8550	:	8593;
	8551	:	12;
	8552	:	8591;
	8553	:	992;
	8554	:	1021;
	8555	:	1;
	8556	:	8592;
	8557	:	451;
	8558	:	8593;
	8559	:	12;
	8560	:	8592;
	8561	:	995;
	8562	:	1021;
	8563	:	16;
	8564	:	8250;
	8565	:	8249;
	8566	:	0;
	8567	:	16;
	8568	:	7318;
	8569	:	7376;
	8570	:	0;
	8571	:	13;
	8572	:	8567;
	8573	:	7373;
	8574	:	1020;
	8575	:	13;
	8576	:	8;
	8577	:	7372;
	8578	:	1028;
	8579	:	13;
	8580	:	8587;
	8581	:	7372;
	8582	:	1029;
	8583	:	13;
	8584	:	8567;
	8585	:	1020;
	8586	:	1020;
	8587	:	0;
	8588	:	0;
	8589	:	0;
	8590	:	0;
	8591	:	0;
	8592	:	0;
	8593	:	48;
	8594	:	0;
	8595	:	0;
	8596	:	0;
	8597	:	0;
	8598	:	4;
	8599	:	8597;
	8600	:	8595;
	8601	:	8596;
	8602	:	3;
	8603	:	8597;
	8604	:	8597;
	8605	:	8596;
	8606	:	2;
	8607	:	8597;
	8608	:	8595;
	8609	:	8597;
	8610	:	17;
	8611	:	8594;
	8612	:	0;
	8613	:	0;
	8614	:	0;
	8615	:	0;
	8616	:	16;
	8617	:	7402;
	8618	:	7400;
	8619	:	0;
	8620	:	5;
	8621	:	8595;
	8622	:	7401;
	8623	:	0;
	8624	:	5;
	8625	:	8596;
	8626	:	1026;
	8627	:	0;
	8628	:	16;
	8629	:	8598;
	8630	:	8594;
	8631	:	0;
	8632	:	5;
	8633	:	8615;
	8634	:	8597;
	8635	:	0;
	8636	:	17;
	8637	:	8614;
	8638	:	0;
	8639	:	0;
	8640	:	0;
	8641	:	0;
	8642	:	0;
	8643	:	0;
	8644	:	0;
	8645	:	0;
	8646	:	0;
	8647	:	13;
	8648	:	8671;
	8649	:	8640;
	8650	:	12256;
	8651	:	11;
	8652	:	12254;
	8653	:	8643;
	8654	:	8641;
	8655	:	16;
	8656	:	12221;
	8657	:	12258;
	8658	:	0;
	8659	:	13;
	8660	:	8671;
	8661	:	12255;
	8662	:	12256;
	8663	:	1;
	8664	:	8641;
	8665	:	8641;
	8666	:	12257;
	8667	:	13;
	8668	:	8675;
	8669	:	8641;
	8670	:	8642;
	8671	:	17;
	8672	:	8644;
	8673	:	0;
	8674	:	0;
	8675	:	5;
	8676	:	8640;
	8677	:	12256;
	8678	:	0;
	8679	:	17;
	8680	:	8644;
	8681	:	0;
	8682	:	0;
	8683	:	5;
	8684	:	8643;
	8685	:	8724;
	8686	:	0;
	8687	:	5;
	8688	:	8642;
	8689	:	8723;
	8690	:	0;
	8691	:	5;
	8692	:	8641;
	8693	:	12256;
	8694	:	0;
	8695	:	5;
	8696	:	8640;
	8697	:	12257;
	8698	:	0;
	8699	:	17;
	8700	:	8645;
	8701	:	0;
	8702	:	0;
	8703	:	5;
	8704	:	8643;
	8705	:	10340;
	8706	:	0;
	8707	:	5;
	8708	:	8642;
	8709	:	10339;
	8710	:	0;
	8711	:	5;
	8712	:	8641;
	8713	:	12256;
	8714	:	0;
	8715	:	5;
	8716	:	8640;
	8717	:	12257;
	8718	:	0;
	8719	:	17;
	8720	:	8646;
	8721	:	0;
	8722	:	0;
	8723	:	1615;
	8724	:	-121039470;
	8725	:	193482117;
	8726	:	507018337;
	8727	:	433881146;
	8728	:	253930471;
	8729	:	-289535317;
	8730	:	-485861713;
	8731	:	-478220545;
	8732	:	-208591891;
	8733	:	324560733;
	8734	:	510672904;
	8735	:	485552767;
	8736	:	161427492;
	8737	:	-382103377;
	8738	:	-533361119;
	8739	:	-487651921;
	8740	:	-114035407;
	8741	:	420513547;
	8742	:	537157515;
	8743	:	492108486;
	8744	:	52084987;
	8745	:	-465147194;
	8746	:	-545395522;
	8747	:	-465822101;
	8748	:	1419687;
	8749	:	496737517;
	8750	:	566795021;
	8751	:	449910498;
	8752	:	-74165108;
	8753	:	-518571215;
	8754	:	-580134985;
	8755	:	-428824577;
	8756	:	136463522;
	8757	:	546224433;
	8758	:	574861829;
	8759	:	393935294;
	8760	:	-193233434;
	8761	:	-579358197;
	8762	:	-576382838;
	8763	:	-363771017;
	8764	:	264017911;
	8765	:	589581323;
	8766	:	580336427;
	8767	:	320107205;
	8768	:	-326057816;
	8769	:	-591940591;
	8770	:	-586018372;
	8771	:	-257784370;
	8772	:	368153354;
	8773	:	606936126;
	8774	:	584484063;
	8775	:	190837165;
	8776	:	-403899218;
	8777	:	-622891641;
	8778	:	-574674616;
	8779	:	-128433819;
	8780	:	446822744;
	8781	:	632000267;
	8782	:	555730986;
	8783	:	71548699;
	8784	:	-489134181;
	8785	:	-642915774;
	8786	:	-530353741;
	8787	:	-9098070;
	8788	:	524927464;
	8789	:	653458627;
	8790	:	508778425;
	8791	:	-63374929;
	8792	:	-573454129;
	8793	:	-671187842;
	8794	:	-478996386;
	8795	:	150184838;
	8796	:	622731973;
	8797	:	683978719;
	8798	:	410321847;
	8799	:	-252677341;
	8800	:	-647548667;
	8801	:	-658296230;
	8802	:	-341842481;
	8803	:	299640850;
	8804	:	651036910;
	8805	:	637837744;
	8806	:	287300227;
	8807	:	-339994039;
	8808	:	-652873922;
	8809	:	-623774386;
	8810	:	-244060334;
	8811	:	381749094;
	8812	:	666031385;
	8813	:	617911641;
	8814	:	188320184;
	8815	:	-435945009;
	8816	:	-677020430;
	8817	:	-592973023;
	8818	:	-122187337;
	8819	:	478668542;
	8820	:	688089534;
	8821	:	568576817;
	8822	:	56273390;
	8823	:	-521159972;
	8824	:	-690851358;
	8825	:	-525573252;
	8826	:	16280936;
	8827	:	555829298;
	8828	:	677664113;
	8829	:	470560196;
	8830	:	-96696586;
	8831	:	-593433019;
	8832	:	-666243621;
	8833	:	-414076366;
	8834	:	172267890;
	8835	:	626046096;
	8836	:	671111873;
	8837	:	391129986;
	8838	:	-210165870;
	8839	:	-642179378;
	8840	:	-686478811;
	8841	:	-382262816;
	8842	:	233872202;
	8843	:	648794983;
	8844	:	681227465;
	8845	:	345819476;
	8846	:	-269359918;
	8847	:	-652267744;
	8848	:	-659163753;
	8849	:	-292602873;
	8850	:	315688992;
	8851	:	656319053;
	8852	:	627171319;
	8853	:	225997323;
	8854	:	-366008937;
	8855	:	-656675393;
	8856	:	-585094002;
	8857	:	-147074615;
	8858	:	421381983;
	8859	:	659072394;
	8860	:	540826799;
	8861	:	65309861;
	8862	:	-481997160;
	8863	:	-673973419;
	8864	:	-509216963;
	8865	:	4725372;
	8866	:	533428144;
	8867	:	689588055;
	8868	:	486828522;
	8869	:	-53885911;
	8870	:	-562149800;
	8871	:	-694508064;
	8872	:	-464960663;
	8873	:	92358964;
	8874	:	580008306;
	8875	:	688112419;
	8876	:	427269507;
	8877	:	-142649840;
	8878	:	-601451976;
	8879	:	-677869206;
	8880	:	-383339080;
	8881	:	193066028;
	8882	:	619590512;
	8883	:	665974795;
	8884	:	338393447;
	8885	:	-238719588;
	8886	:	-631612138;
	8887	:	-646912748;
	8888	:	-286640673;
	8889	:	282937224;
	8890	:	640742432;
	8891	:	620599565;
	8892	:	228034882;
	8893	:	-330707071;
	8894	:	-653060920;
	8895	:	-590537732;
	8896	:	-165591757;
	8897	:	380800744;
	8898	:	667803341;
	8899	:	561637965;
	8900	:	105199845;
	8901	:	-427703467;
	8902	:	-677490360;
	8903	:	-531244051;
	8904	:	-51340795;
	8905	:	463920541;
	8906	:	679908438;
	8907	:	498212026;
	8908	:	1448783;
	8909	:	-490936118;
	8910	:	-674395351;
	8911	:	-460242009;
	8912	:	46585461;
	8913	:	514519207;
	8914	:	664993974;
	8915	:	419336513;
	8916	:	-94421712;
	8917	:	-539351198;
	8918	:	-655547651;
	8919	:	-376159942;
	8920	:	145309180;
	8921	:	568313129;
	8922	:	647463490;
	8923	:	329676300;
	8924	:	-199902199;
	8925	:	-598284387;
	8926	:	-635165600;
	8927	:	-277517282;
	8928	:	254775773;
	8929	:	624081238;
	8930	:	615653083;
	8931	:	224998420;
	8932	:	-302288153;
	8933	:	-645205445;
	8934	:	-595480982;
	8935	:	-176369589;
	8936	:	346141463;
	8937	:	661468915;
	8938	:	571399027;
	8939	:	129484320;
	8940	:	-386565498;
	8941	:	-671172618;
	8942	:	-543436113;
	8943	:	-83369897;
	8944	:	423821786;
	8945	:	674587272;
	8946	:	511070525;
	8947	:	35415469;
	8948	:	-457842478;
	8949	:	-671690115;
	8950	:	-472136408;
	8951	:	14733823;
	8952	:	487933948;
	8953	:	662138187;
	8954	:	428686505;
	8955	:	-65103780;
	8956	:	-515891459;
	8957	:	-649826165;
	8958	:	-384535356;
	8959	:	115587970;
	8960	:	543966243;
	8961	:	638700705;
	8962	:	340814219;
	8963	:	-166814314;
	8964	:	-572579205;
	8965	:	-626756828;
	8966	:	-296758716;
	8967	:	215891271;
	8968	:	596815132;
	8969	:	612014034;
	8970	:	253371474;
	8971	:	-260162851;
	8972	:	-614802907;
	8973	:	-592933986;
	8974	:	-209613346;
	8975	:	300464619;
	8976	:	626810592;
	8977	:	568117970;
	8978	:	163651821;
	8979	:	-338649860;
	8980	:	-632255326;
	8981	:	-536497058;
	8982	:	-113926816;
	8983	:	374844335;
	8984	:	631071363;
	8985	:	498618053;
	8986	:	61478987;
	8987	:	-410269765;
	8988	:	-628083554;
	8989	:	-459001588;
	8990	:	-8881145;
	8991	:	444887622;
	8992	:	625344009;
	8993	:	419746361;
	8994	:	-43258489;
	8995	:	-479423995;
	8996	:	-622203686;
	8997	:	-380742087;
	8998	:	93757651;
	8999	:	511553163;
	9000	:	616228761;
	9001	:	341612125;
	9002	:	-140767641;
	9003	:	-536839173;
	9004	:	-604029616;
	9005	:	-300307933;
	9006	:	186234235;
	9007	:	557677559;
	9008	:	587041550;
	9009	:	256256865;
	9010	:	-229941302;
	9011	:	-574029076;
	9012	:	-566388135;
	9013	:	-210653702;
	9014	:	272049879;
	9015	:	586351462;
	9016	:	541589607;
	9017	:	163943837;
	9018	:	-312194067;
	9019	:	-594565306;
	9020	:	-512203184;
	9021	:	-115736140;
	9022	:	349099752;
	9023	:	597301099;
	9024	:	479376859;
	9025	:	67800122;
	9026	:	-383397234;
	9027	:	-597748157;
	9028	:	-445783432;
	9029	:	-20385981;
	9030	:	416278884;
	9031	:	596526373;
	9032	:	411105092;
	9033	:	-26069204;
	9034	:	-446213413;
	9035	:	-591987776;
	9036	:	-374915969;
	9037	:	70995317;
	9038	:	472340848;
	9039	:	583551726;
	9040	:	337086017;
	9041	:	-114899002;
	9042	:	-494987620;
	9043	:	-571211071;
	9044	:	-297228775;
	9045	:	157907806;
	9046	:	514438366;
	9047	:	555034506;
	9048	:	255208529;
	9049	:	-199578471;
	9050	:	-529799905;
	9051	:	-534569805;
	9052	:	-212243744;
	9053	:	238107766;
	9054	:	540796262;
	9055	:	511826760;
	9056	:	169277796;
	9057	:	-275764930;
	9058	:	-550028154;
	9059	:	-486279343;
	9060	:	-124265894;
	9061	:	312234459;
	9062	:	555555735;
	9063	:	458018212;
	9064	:	80085512;
	9065	:	-345416396;
	9066	:	-558167311;
	9067	:	-428803274;
	9068	:	-36957174;
	9069	:	376173049;
	9070	:	557621439;
	9071	:	397201633;
	9072	:	-5939715;
	9073	:	-403708645;
	9074	:	-552852573;
	9075	:	-363038311;
	9076	:	48678945;
	9077	:	429161594;
	9078	:	545329098;
	9079	:	326778738;
	9080	:	-91570976;
	9081	:	-452207568;
	9082	:	-534354533;
	9083	:	-289148624;
	9084	:	131733693;
	9085	:	469817542;
	9086	:	519433519;
	9087	:	251852632;
	9088	:	-168221990;
	9089	:	-483598370;
	9090	:	-501986919;
	9091	:	-213178872;
	9092	:	205156494;
	9093	:	496092889;
	9094	:	481342142;
	9095	:	171116316;
	9096	:	-243038086;
	9097	:	-506490882;
	9098	:	-458306092;
	9099	:	-129200800;
	9100	:	278173725;
	9101	:	514113478;
	9102	:	434515091;
	9103	:	88829687;
	9104	:	-310406177;
	9105	:	-518350178;
	9106	:	-408224111;
	9107	:	-48573772;
	9108	:	339391874;
	9109	:	518054516;
	9110	:	378965424;
	9111	:	8566339;
	9112	:	-365562066;
	9113	:	-514452942;
	9114	:	-347752179;
	9115	:	31147801;
	9116	:	389239947;
	9117	:	507295815;
	9118	:	314415175;
	9119	:	-69499380;
	9120	:	-408587973;
	9121	:	-496048593;
	9122	:	-280166878;
	9123	:	105529442;
	9124	:	424795225;
	9125	:	482974461;
	9126	:	245415981;
	9127	:	-141792324;
	9128	:	-441001623;
	9129	:	-468739490;
	9130	:	-208611377;
	9131	:	178885457;
	9132	:	455464595;
	9133	:	451755346;
	9134	:	171028029;
	9135	:	-213504576;
	9136	:	-465837012;
	9137	:	-432088915;
	9138	:	-134058271;
	9139	:	244853001;
	9140	:	472539675;
	9141	:	410254542;
	9142	:	97134475;
	9143	:	-274169990;
	9144	:	-475962299;
	9145	:	-385385565;
	9146	:	-59310305;
	9147	:	301215121;
	9148	:	475270122;
	9149	:	357672983;
	9150	:	22054233;
	9151	:	-325142884;
	9152	:	-471733376;
	9153	:	-329152698;
	9154	:	14250841;
	9155	:	347602690;
	9156	:	466689335;
	9157	:	299307002;
	9158	:	-50852848;
	9159	:	-368481650;
	9160	:	-459090409;
	9161	:	-268221078;
	9162	:	86078520;
	9163	:	386415352;
	9164	:	449428614;
	9165	:	237333497;
	9166	:	-119373800;
	9167	:	-402031518;
	9168	:	-437787942;
	9169	:	-205341908;
	9170	:	151941134;
	9171	:	414494434;
	9172	:	421895661;
	9173	:	171116675;
	9174	:	-182706834;
	9175	:	-422528434;
	9176	:	-402639566;
	9177	:	-136781925;
	9178	:	211352895;
	9179	:	428542383;
	9180	:	382466075;
	9181	:	102303517;
	9182	:	-239418622;
	9183	:	-433002197;
	9184	:	-360373760;
	9185	:	-67339366;
	9186	:	265356987;
	9187	:	433832131;
	9188	:	336047111;
	9189	:	33366456;
	9190	:	-288158290;
	9191	:	-431976995;
	9192	:	-310864029;
	9193	:	117125;
	9194	:	309886461;
	9195	:	428516199;
	9196	:	283834396;
	9197	:	-34252648;
	9198	:	-329869984;
	9199	:	-422029336;
	9200	:	-255498369;
	9201	:	66516342;
	9202	:	346581939;
	9203	:	413880138;
	9204	:	228119455;
	9205	:	-96387709;
	9206	:	-360765762;
	9207	:	-403532129;
	9208	:	-199530268;
	9209	:	125118418;
	9210	:	371259892;
	9211	:	389147533;
	9212	:	169300311;
	9213	:	-152481919;
	9214	:	-379004348;
	9215	:	-372327737;
	9216	:	-137801749;
	9217	:	179736948;
	9218	:	385255575;
	9219	:	353298311;
	9220	:	104939576;
	9221	:	-206242279;
	9222	:	-389097543;
	9223	:	-332542055;
	9224	:	-72650552;
	9225	:	230745163;
	9226	:	391826335;
	9227	:	311979158;
	9228	:	40564703;
	9229	:	-255228335;
	9230	:	-393317639;
	9231	:	-288969907;
	9232	:	-7227009;
	9233	:	277752627;
	9234	:	391008014;
	9235	:	264478610;
	9236	:	-23015388;
	9237	:	-295266858;
	9238	:	-386161213;
	9239	:	-241003791;
	9240	:	50499470;
	9241	:	309732863;
	9242	:	378431510;
	9243	:	215773076;
	9244	:	-77400952;
	9245	:	-321141417;
	9246	:	-367056249;
	9247	:	-188608916;
	9248	:	103670748;
	9249	:	330709862;
	9250	:	354110241;
	9251	:	160611911;
	9252	:	-130237325;
	9253	:	-339880892;
	9254	:	-340036131;
	9255	:	-131670712;
	9256	:	156388512;
	9257	:	347078075;
	9258	:	323949146;
	9259	:	102247906;
	9260	:	-181166476;
	9261	:	-352303460;
	9262	:	-306595128;
	9263	:	-72775016;
	9264	:	205103859;
	9265	:	356267844;
	9266	:	288233313;
	9267	:	43656609;
	9268	:	-226787870;
	9269	:	-357252431;
	9270	:	-268700762;
	9271	:	-17110118;
	9272	:	243017134;
	9273	:	353372052;
	9274	:	247877255;
	9275	:	-7727049;
	9276	:	-256851205;
	9277	:	-347540666;
	9278	:	-225489848;
	9279	:	33338438;
	9280	:	269840537;
	9281	:	339771720;
	9282	:	201880913;
	9283	:	-58174573;
	9284	:	-280926359;
	9285	:	-330813111;
	9286	:	-178387326;
	9287	:	82273845;
	9288	:	291167808;
	9289	:	320590648;
	9290	:	153403685;
	9291	:	-106652415;
	9292	:	-299269242;
	9293	:	-307049548;
	9294	:	-126579055;
	9295	:	130896914;
	9296	:	306876643;
	9297	:	293670076;
	9298	:	100008174;
	9299	:	-154880737;
	9300	:	-314232651;
	9301	:	-279839437;
	9302	:	-72743171;
	9303	:	179021202;
	9304	:	319411323;
	9305	:	262288428;
	9306	:	45049943;
	9307	:	-197742739;
	9308	:	-317617716;
	9309	:	-242895820;
	9310	:	-20843169;
	9311	:	212375724;
	9312	:	314633991;
	9313	:	224305935;
	9314	:	-2504645;
	9315	:	-226055119;
	9316	:	-309539386;
	9317	:	-202671827;
	9318	:	27886372;
	9319	:	239958826;
	9320	:	303900973;
	9321	:	182042906;
	9322	:	-49687142;
	9323	:	-248999039;
	9324	:	-294320300;
	9325	:	-159012343;
	9326	:	73155517;
	9327	:	259369327;
	9328	:	285842091;
	9329	:	137396476;
	9330	:	-93998212;
	9331	:	-266166190;
	9332	:	-273805874;
	9333	:	-113721072;
	9334	:	113867206;
	9335	:	270375571;
	9336	:	261819834;
	9337	:	93385549;
	9338	:	-133391678;
	9339	:	-279612898;
	9340	:	-252531279;
	9341	:	-70008874;
	9342	:	151691199;
	9343	:	276138406;
	9344	:	229968894;
	9345	:	44383850;
	9346	:	-166795269;
	9347	:	-275636003;
	9348	:	-216069530;
	9349	:	-24913632;
	9350	:	179650186;
	9351	:	272118890;
	9352	:	196333956;
	9353	:	540167;
	9354	:	-193944578;
	9355	:	-268255553;
	9356	:	-177632283;
	9357	:	21192430;
	9358	:	205855957;
	9359	:	263034864;
	9360	:	158616055;
	9361	:	-41747516;
	9362	:	-214353968;
	9363	:	-253504438;
	9364	:	-136478725;
	9365	:	63565050;
	9366	:	223436961;
	9367	:	245130671;
	9368	:	116271931;
	9369	:	-82859532;
	9370	:	-230946744;
	9371	:	-237785636;
	9372	:	-99272276;
	9373	:	98199165;
	9374	:	233479617;
	9375	:	225365038;
	9376	:	79642996;
	9377	:	-114132175;
	9378	:	-236662136;
	9379	:	-214992070;
	9380	:	-65403878;
	9381	:	119761546;
	9382	:	228721962;
	9383	:	197013361;
	9384	:	45239337;
	9385	:	-133028150;
	9386	:	-228123019;
	9387	:	-183306152;
	9388	:	-27094467;
	9389	:	145327289;
	9390	:	229096234;
	9391	:	174256218;
	9392	:	14929295;
	9393	:	-150330039;
	9394	:	-220126162;
	9395	:	-153526674;
	9396	:	8045822;
	9397	:	164512011;
	9398	:	220209652;
	9399	:	140024582;
	9400	:	-26814446;
	9401	:	-174672419;
	9402	:	-211504326;
	9403	:	-114034578;
	9404	:	57963953;
	9405	:	198910755;
	9406	:	220323018;
	9407	:	107322610;
	9408	:	-72706907;
	9409	:	-205608167;
	9410	:	-206338228;
	9411	:	-81517624;
	9412	:	87146370;
	9413	:	197598436;
	9414	:	185521589;
	9415	:	62383657;
	9416	:	-96458065;
	9417	:	-194251375;
	9418	:	-174400243;
	9419	:	-48871862;
	9420	:	106044970;
	9421	:	199294745;
	9422	:	175064934;
	9423	:	49798378;
	9424	:	-100746881;
	9425	:	-185867710;
	9426	:	-154337132;
	9427	:	-27529874;
	9428	:	114767330;
	9429	:	182027028;
	9430	:	132351075;
	9431	:	-5767779;
	9432	:	-147138134;
	9433	:	-206912876;
	9434	:	-146713877;
	9435	:	-6202806;
	9436	:	136702026;
	9437	:	192335955;
	9438	:	134936968;
	9439	:	-7364963;
	9440	:	-174814520;
	9441	:	-217865453;
	9442	:	-72533738;
	9443	:	56068112;
	9444	:	96183449;
	9445	:	161182872;
	9446	:	138865795;
	9447	:	-40660746;
	9448	:	-183751142;
	9449	:	-163047875;
	9450	:	-59117281;
	9451	:	49480236;
	9452	:	131358076;
	9453	:	125657989;
	9454	:	41179811;
	9455	:	-72771282;
	9456	:	-144243266;
	9457	:	-128323551;
	9458	:	-36122027;
	9459	:	81421890;
	9460	:	143002291;
	9461	:	122521373;
	9462	:	23598880;
	9463	:	-88600995;
	9464	:	-150597913;
	9465	:	-125225160;
	9466	:	-39415737;
	9467	:	57984166;
	9468	:	99719475;
	9469	:	72280376;
	9470	:	-16522234;
	9471	:	-96025486;
	9472	:	-140292867;
	9473	:	-44299230;
	9474	:	89479371;
	9475	:	-39444573;
	9476	:	40162058;
	9477	:	428896085;
	9478	:	132766601;
	9479	:	-493053938;
	9480	:	-108518540;
	9481	:	524134312;
	9482	:	121055605;
	9483	:	-450593871;
	9484	:	59286475;
	9485	:	645997854;
	9486	:	36487716;
	9487	:	-646821450;
	9488	:	-126369840;
	9489	:	487832820;
	9490	:	-11409612;
	9491	:	-463722175;
	9492	:	123823443;
	9493	:	493207689;
	9494	:	-177466111;
	9495	:	-601580777;
	9496	:	108940354;
	9497	:	544813207;
	9498	:	-225525002;
	9499	:	-509049192;
	9500	:	376746034;
	9501	:	551892313;
	9502	:	-403878101;
	9503	:	-544772990;
	9504	:	360042414;
	9505	:	446278195;
	9506	:	-408564659;
	9507	:	-412861463;
	9508	:	472609888;
	9509	:	436005746;
	9510	:	-525232284;
	9511	:	-504836270;
	9512	:	497121816;
	9513	:	432531062;
	9514	:	-542156258;
	9515	:	-327436529;
	9516	:	620929337;
	9517	:	270621169;
	9518	:	-640963451;
	9519	:	-191040689;
	9520	:	671693147;
	9521	:	130043071;
	9522	:	-693915115;
	9523	:	-74982514;
	9524	:	731947198;
	9525	:	45019105;
	9526	:	-748827384;
	9527	:	-36432536;
	9528	:	707143959;
	9529	:	-42445331;
	9530	:	-704593524;
	9531	:	94285728;
	9532	:	643614917;
	9533	:	-169947514;
	9534	:	-620019933;
	9535	:	214490266;
	9536	:	610619990;
	9537	:	-248196965;
	9538	:	-599277807;
	9539	:	291903648;
	9540	:	603395370;
	9541	:	-318554830;
	9542	:	-586642575;
	9543	:	359033127;
	9544	:	574084653;
	9545	:	-402895059;
	9546	:	-557052735;
	9547	:	445011018;
	9548	:	526644619;
	9549	:	-498146169;
	9550	:	-506151115;
	9551	:	535423076;
	9552	:	466350248;
	9553	:	-581915743;
	9554	:	-419477852;
	9555	:	630975793;
	9556	:	370760308;
	9557	:	-669449811;
	9558	:	-308964073;
	9559	:	711875522;
	9560	:	259735137;
	9561	:	-724491713;
	9562	:	-186025798;
	9563	:	750590051;
	9564	:	129030639;
	9565	:	-749783587;
	9566	:	-53041586;
	9567	:	761664213;
	9568	:	-5557631;
	9569	:	-756468941;
	9570	:	73305318;
	9571	:	752888128;
	9572	:	-130182931;
	9573	:	-734350620;
	9574	:	187161099;
	9575	:	711174097;
	9576	:	-234198907;
	9577	:	-678914075;
	9578	:	280693182;
	9579	:	646086111;
	9580	:	-331660129;
	9581	:	-612526387;
	9582	:	392433392;
	9583	:	586902093;
	9584	:	-446589428;
	9585	:	-555196323;
	9586	:	494848251;
	9587	:	522220909;
	9588	:	-532731159;
	9589	:	-485760699;
	9590	:	570889848;
	9591	:	449068558;
	9592	:	-603942748;
	9593	:	-409638189;
	9594	:	628890034;
	9595	:	366669709;
	9596	:	-647329169;
	9597	:	-323462023;
	9598	:	657637511;
	9599	:	275850751;
	9600	:	-671432218;
	9601	:	-229602851;
	9602	:	682507953;
	9603	:	175402251;
	9604	:	-697614459;
	9605	:	-122732084;
	9606	:	704729432;
	9607	:	59916121;
	9608	:	-714106976;
	9609	:	1669008;
	9610	:	711937197;
	9611	:	-71300728;
	9612	:	-709825515;
	9613	:	134078322;
	9614	:	696082254;
	9615	:	-197733913;
	9616	:	-684614262;
	9617	:	247490281;
	9618	:	668190646;
	9619	:	-296894055;
	9620	:	-653629626;
	9621	:	341637961;
	9622	:	633156564;
	9623	:	-387786800;
	9624	:	-608041673;
	9625	:	432131882;
	9626	:	576106757;
	9627	:	-472372848;
	9628	:	-541114430;
	9629	:	508361503;
	9630	:	503011763;
	9631	:	-541430300;
	9632	:	-462215559;
	9633	:	573619777;
	9634	:	418587104;
	9635	:	-603577589;
	9636	:	-369321420;
	9637	:	632368478;
	9638	:	317802206;
	9639	:	-656839608;
	9640	:	-261617682;
	9641	:	678416363;
	9642	:	204927607;
	9643	:	-694218150;
	9644	:	-145818794;
	9645	:	706447925;
	9646	:	87527249;
	9647	:	-712337958;
	9648	:	-29570049;
	9649	:	714251678;
	9650	:	-26568209;
	9651	:	-711798815;
	9652	:	82163624;
	9653	:	704338975;
	9654	:	-137746321;
	9655	:	-692031596;
	9656	:	190418920;
	9657	:	675976002;
	9658	:	-240642142;
	9659	:	-658473228;
	9660	:	289910476;
	9661	:	638112425;
	9662	:	-338125947;
	9663	:	-613397332;
	9664	:	383909341;
	9665	:	584009191;
	9666	:	-426812042;
	9667	:	-551664824;
	9668	:	468025094;
	9669	:	516249714;
	9670	:	-508695883;
	9671	:	-477653006;
	9672	:	547339157;
	9673	:	435924364;
	9674	:	-582950350;
	9675	:	-391947125;
	9676	:	614432296;
	9677	:	346091703;
	9678	:	-641375459;
	9679	:	-297501509;
	9680	:	663557526;
	9681	:	246495684;
	9682	:	-680432507;
	9683	:	-193007564;
	9684	:	692368552;
	9685	:	138037500;
	9686	:	-698781211;
	9687	:	-82081369;
	9688	:	701181614;
	9689	:	26263145;
	9690	:	-700154175;
	9691	:	28645928;
	9692	:	695140576;
	9693	:	-81688782;
	9694	:	-686127936;
	9695	:	133243107;
	9696	:	673685811;
	9697	:	-184046644;
	9698	:	-657846497;
	9699	:	234956237;
	9700	:	637310680;
	9701	:	-284321924;
	9702	:	-612932655;
	9703	:	331266312;
	9704	:	587086018;
	9705	:	-377341716;
	9706	:	-559142692;
	9707	:	422624585;
	9708	:	527780154;
	9709	:	-465938585;
	9710	:	-492405932;
	9711	:	504749051;
	9712	:	454578767;
	9713	:	-538987701;
	9714	:	-414829896;
	9715	:	570167691;
	9716	:	371857151;
	9717	:	-597735899;
	9718	:	-325102711;
	9719	:	620459235;
	9720	:	275991155;
	9721	:	-638151100;
	9722	:	-225652233;
	9723	:	651198459;
	9724	:	174937836;
	9725	:	-661435579;
	9726	:	-123725217;
	9727	:	669801962;
	9728	:	71197525;
	9729	:	-674851532;
	9730	:	-18058289;
	9731	:	675625893;
	9732	:	-35365975;
	9733	:	-670630582;
	9734	:	87576983;
	9735	:	661677305;
	9736	:	-139400602;
	9737	:	-649555163;
	9738	:	191462763;
	9739	:	633489308;
	9740	:	-241982792;
	9741	:	-614262783;
	9742	:	290064982;
	9743	:	591757023;
	9744	:	-335009381;
	9745	:	-566439535;
	9746	:	377470919;
	9747	:	538301210;
	9748	:	-417823350;
	9749	:	-506409605;
	9750	:	455593158;
	9751	:	470942895;
	9752	:	-490118702;
	9753	:	-432494280;
	9754	:	522414013;
	9755	:	390147875;
	9756	:	-550986131;
	9757	:	-344123294;
	9758	:	574645094;
	9759	:	297331337;
	9760	:	-595216632;
	9761	:	-251402537;
	9762	:	614107131;
	9763	:	205219549;
	9764	:	-630927807;
	9765	:	-157059540;
	9766	:	643229191;
	9767	:	107240089;
	9768	:	-650256357;
	9769	:	-56363490;
	9770	:	652339677;
	9771	:	5076457;
	9772	:	-650393133;
	9773	:	46162914;
	9774	:	644359167;
	9775	:	-96667540;
	9776	:	-634408840;
	9777	:	144814701;
	9778	:	622181176;
	9779	:	-191701331;
	9780	:	-607362796;
	9781	:	237899877;
	9782	:	589333137;
	9783	:	-283614097;
	9784	:	-567349456;
	9785	:	328457594;
	9786	:	539956821;
	9787	:	-369804945;
	9788	:	-509572107;
	9789	:	407092075;
	9790	:	477689951;
	9791	:	-442573699;
	9792	:	-442373914;
	9793	:	476343351;
	9794	:	403528727;
	9795	:	-507088084;
	9796	:	-362765692;
	9797	:	534086516;
	9798	:	320821715;
	9799	:	-557406470;
	9800	:	-277255944;
	9801	:	576913570;
	9802	:	232172539;
	9803	:	-593053888;
	9804	:	-186279184;
	9805	:	606663706;
	9806	:	138441219;
	9807	:	-616036320;
	9808	:	-90076420;
	9809	:	621310652;
	9810	:	42012647;
	9811	:	-623298175;
	9812	:	5911720;
	9813	:	621103439;
	9814	:	-53305690;
	9815	:	-615684090;
	9816	:	101709930;
	9817	:	605857837;
	9818	:	-149282324;
	9819	:	-592144810;
	9820	:	193416325;
	9821	:	576686624;
	9822	:	-236296583;
	9823	:	-557766088;
	9824	:	279100889;
	9825	:	534229233;
	9826	:	-320545682;
	9827	:	-507620251;
	9828	:	360015867;
	9829	:	478208333;
	9830	:	-396127022;
	9831	:	-446493910;
	9832	:	429201669;
	9833	:	412548785;
	9834	:	-460324934;
	9835	:	-375699407;
	9836	:	487461367;
	9837	:	337763444;
	9838	:	-511482587;
	9839	:	-298052227;
	9840	:	533404333;
	9841	:	254309040;
	9842	:	-550688896;
	9843	:	-209318823;
	9844	:	563910458;
	9845	:	165382275;
	9846	:	-574864705;
	9847	:	-121356986;
	9848	:	582869135;
	9849	:	77006506;
	9850	:	-588490842;
	9851	:	-31430578;
	9852	:	590754667;
	9853	:	-15723543;
	9854	:	-587359426;
	9855	:	61477227;
	9856	:	579377574;
	9857	:	-105823038;
	9858	:	-568466095;
	9859	:	149853354;
	9860	:	554743334;
	9861	:	-192961384;
	9862	:	-538157933;
	9863	:	234296005;
	9864	:	518048901;
	9865	:	-272439862;
	9866	:	-495560153;
	9867	:	308787875;
	9868	:	471267217;
	9869	:	-344934053;
	9870	:	-443410992;
	9871	:	379197509;
	9872	:	411681703;
	9873	:	-409746876;
	9874	:	-377063607;
	9875	:	436193255;
	9876	:	341046998;
	9877	:	-459569080;
	9878	:	-304582061;
	9879	:	481173055;
	9880	:	267005720;
	9881	:	-501128037;
	9882	:	-227365366;
	9883	:	517616354;
	9884	:	186662110;
	9885	:	-530318754;
	9886	:	-145915731;
	9887	:	540063894;
	9888	:	104090329;
	9889	:	-546108766;
	9890	:	-61456223;
	9891	:	547799860;
	9892	:	18892835;
	9893	:	-545845430;
	9894	:	23298758;
	9895	:	540753921;
	9896	:	-64735385;
	9897	:	-532948338;
	9898	:	105148459;
	9899	:	522753785;
	9900	:	-144789158;
	9901	:	-509884897;
	9902	:	183622462;
	9903	:	493829156;
	9904	:	-221422553;
	9905	:	-474402448;
	9906	:	257705648;
	9907	:	451977697;
	9908	:	-292130632;
	9909	:	-426973755;
	9910	:	324269475;
	9911	:	399901260;
	9912	:	-353780722;
	9913	:	-371079964;
	9914	:	380526589;
	9915	:	340518630;
	9916	:	-404408753;
	9917	:	-308382322;
	9918	:	425821426;
	9919	:	274358945;
	9920	:	-444674360;
	9921	:	-238443476;
	9922	:	460388409;
	9923	:	201334537;
	9924	:	-473073956;
	9925	:	-163266282;
	9926	:	483114229;
	9927	:	124152401;
	9928	:	-490488859;
	9929	:	-84712661;
	9930	:	494994606;
	9931	:	45717420;
	9932	:	-496616348;
	9933	:	-7459409;
	9934	:	495109249;
	9935	:	-30261052;
	9936	:	-490335576;
	9937	:	67426793;
	9938	:	482637037;
	9939	:	-103743247;
	9940	:	-471993350;
	9941	:	139031905;
	9942	:	458226220;
	9943	:	-173366469;
	9944	:	-441360131;
	9945	:	206707467;
	9946	:	422643529;
	9947	:	-239207194;
	9948	:	-402460069;
	9949	:	270895539;
	9950	:	379373226;
	9951	:	-299298064;
	9952	:	-353325809;
	9953	:	323653758;
	9954	:	325624405;
	9955	:	-345288411;
	9956	:	-296919575;
	9957	:	365050940;
	9958	:	267373809;
	9959	:	-383223420;
	9960	:	-236767733;
	9961	:	399513647;
	9962	:	204850245;
	9963	:	-413576405;
	9964	:	-171593970;
	9965	:	424993887;
	9966	:	137360455;
	9967	:	-433320438;
	9968	:	-102612005;
	9969	:	438459945;
	9970	:	67396612;
	9971	:	-440629252;
	9972	:	-32119228;
	9973	:	440032864;
	9974	:	-2186923;
	9975	:	-436750499;
	9976	:	35048719;
	9977	:	430820272;
	9978	:	-66446906;
	9979	:	-422302032;
	9980	:	97246176;
	9981	:	411813408;
	9982	:	-127688483;
	9983	:	-399680940;
	9984	:	157708641;
	9985	:	385633016;
	9986	:	-186849443;
	9987	:	-368837594;
	9988	:	214865765;
	9989	:	349201076;
	9990	:	-241796068;
	9991	:	-327298275;
	9992	:	267036973;
	9993	:	303840196;
	9994	:	-289884804;
	9995	:	-279141966;
	9996	:	309859425;
	9997	:	253459765;
	9998	:	-327268846;
	9999	:	-227066402;
	10000	:	342389273;
	10001	:	199971528;
	10002	:	-355316018;
	10003	:	-172222451;
	10004	:	366400065;
	10005	:	143570311;
	10006	:	-375486263;
	10007	:	-114027113;
	10008	:	382029098;
	10009	:	84154641;
	10010	:	-385487825;
	10011	:	-54284323;
	10012	:	386082122;
	10013	:	24254284;
	10014	:	-384217962;
	10015	:	5892704;
	10016	:	380465462;
	10017	:	-35057671;
	10018	:	-374917248;
	10019	:	63269048;
	10020	:	367332903;
	10021	:	-90793520;
	10022	:	-357538493;
	10023	:	117937761;
	10024	:	345679933;
	10025	:	-144812538;
	10026	:	-331896218;
	10027	:	170811820;
	10028	:	316247741;
	10029	:	-195338413;
	10030	:	-298591337;
	10031	:	217894413;
	10032	:	279347564;
	10033	:	-238330822;
	10034	:	-259260793;
	10035	:	256421008;
	10036	:	238617793;
	10037	:	-271921567;
	10038	:	-217167587;
	10039	:	285156165;
	10040	:	194347646;
	10041	:	-296881676;
	10042	:	-170171194;
	10043	:	307593285;
	10044	:	144864709;
	10045	:	-317024833;
	10046	:	-118856271;
	10047	:	323879245;
	10048	:	92419448;
	10049	:	-327754040;
	10050	:	-66290484;
	10051	:	329392780;
	10052	:	40594792;
	10053	:	-329873975;
	10054	:	-15119924;
	10055	:	329057205;
	10056	:	-10696529;
	10057	:	-326005752;
	10058	:	36873950;
	10059	:	320327960;
	10060	:	-62308193;
	10061	:	-312634245;
	10062	:	86255639;
	10063	:	303551245;
	10064	:	-108981927;
	10065	:	-293125323;
	10066	:	130950563;
	10067	:	281017470;
	10068	:	-151992692;
	10069	:	-267165114;
	10070	:	171070609;
	10071	:	251999732;
	10072	:	-187838324;
	10073	:	-235838150;
	10074	:	203067194;
	10075	:	218510448;
	10076	:	-217495771;
	10077	:	-199757205;
	10078	:	231245187;
	10079	:	179712159;
	10080	:	-243328890;
	10081	:	-158972591;
	10082	:	253518941;
	10083	:	138111536;
	10084	:	-262243457;
	10085	:	-117165703;
	10086	:	269706064;
	10087	:	96128949;
	10088	:	-275470967;
	10089	:	-74573997;
	10090	:	278972949;
	10091	:	52443443;
	10092	:	-280436773;
	10093	:	-29795730;
	10094	:	280228609;
	10095	:	6939115;
	10096	:	-278296533;
	10097	:	15349774;
	10098	:	274417240;
	10099	:	-36593597;
	10100	:	-268667920;
	10101	:	56715275;
	10102	:	261414453;
	10103	:	-75975586;
	10104	:	-252928112;
	10105	:	94365059;
	10106	:	243225668;
	10107	:	-111762001;
	10108	:	-232286806;
	10109	:	128249895;
	10110	:	220130731;
	10111	:	-143976791;
	10112	:	-206802735;
	10113	:	158770713;
	10114	:	192236740;
	10115	:	-172257459;
	10116	:	-176941787;
	10117	:	184169332;
	10118	:	161131749;
	10119	:	-194821617;
	10120	:	-145117389;
	10121	:	204332136;
	10122	:	129000180;
	10123	:	-212655935;
	10124	:	-112118592;
	10125	:	219521039;
	10126	:	94224493;
	10127	:	-224875124;
	10128	:	-75347830;
	10129	:	228449165;
	10130	:	56291616;
	10131	:	-230274554;
	10132	:	-37694793;
	10133	:	230642949;
	10134	:	19290669;
	10135	:	-229381357;
	10136	:	-1007492;
	10137	:	226494873;
	10138	:	-16552035;
	10139	:	-220897268;
	10140	:	33081859;
	10141	:	213768598;
	10142	:	-48306129;
	10143	:	-205968448;
	10144	:	62761499;
	10145	:	197465932;
	10146	:	-76578568;
	10147	:	-187807505;
	10148	:	89483500;
	10149	:	176945764;
	10150	:	-100743362;
	10151	:	-165677968;
	10152	:	110992213;
	10153	:	154469551;
	10154	:	-120820602;
	10155	:	-142980630;
	10156	:	130108267;
	10157	:	130680546;
	10158	:	-138062083;
	10159	:	-117573478;
	10160	:	144334470;
	10161	:	103901289;
	10162	:	-149333959;
	10163	:	-89588040;
	10164	:	153217015;
	10165	:	74969294;
	10166	:	-155839030;
	10167	:	-60620170;
	10168	:	156982721;
	10169	:	47069416;
	10170	:	-156959731;
	10171	:	-34248817;
	10172	:	155929507;
	10173	:	21485665;
	10174	:	-154119667;
	10175	:	-8962853;
	10176	:	151428794;
	10177	:	-3012090;
	10178	:	-147832502;
	10179	:	13936468;
	10180	:	143415929;
	10181	:	-24060441;
	10182	:	-138491194;
	10183	:	33640424;
	10184	:	133102679;
	10185	:	-42620906;
	10186	:	-127165644;
	10187	:	50964506;
	10188	:	120726020;
	10189	:	-58698250;
	10190	:	-113967998;
	10191	:	65942113;
	10192	:	106687259;
	10193	:	-72676269;
	10194	:	-98624019;
	10195	:	78731536;
	10196	:	89908161;
	10197	:	-84021080;
	10198	:	-80851673;
	10199	:	88587462;
	10200	:	71692459;
	10201	:	-92317358;
	10202	:	-62481256;
	10203	:	95144920;
	10204	:	53304043;
	10205	:	-97332141;
	10206	:	-44378596;
	10207	:	99020798;
	10208	:	35729738;
	10209	:	-99946934;
	10210	:	-27112905;
	10211	:	99621434;
	10212	:	18490539;
	10213	:	-98249734;
	10214	:	-10100409;
	10215	:	96291261;
	10216	:	2305721;
	10217	:	-93582724;
	10218	:	4985773;
	10219	:	90462963;
	10220	:	-11741683;
	10221	:	-86874027;
	10222	:	18161893;
	10223	:	83038994;
	10224	:	-24031768;
	10225	:	-78890717;
	10226	:	29332224;
	10227	:	74446929;
	10228	:	-34058971;
	10229	:	-69689233;
	10230	:	38198153;
	10231	:	64705558;
	10232	:	-41937410;
	10233	:	-59566253;
	10234	:	45315539;
	10235	:	54152539;
	10236	:	-48211927;
	10237	:	-49102750;
	10238	:	50090062;
	10239	:	43825622;
	10240	:	-51443207;
	10241	:	-38650045;
	10242	:	52301858;
	10243	:	32943814;
	10244	:	-53480562;
	10245	:	-27370997;
	10246	:	54094029;
	10247	:	21721087;
	10248	:	-54460687;
	10249	:	-16314926;
	10250	:	54167302;
	10251	:	11020717;
	10252	:	-53652921;
	10253	:	-6162064;
	10254	:	52772091;
	10255	:	1539244;
	10256	:	-51685736;
	10257	:	3148463;
	10258	:	50018109;
	10259	:	-7427851;
	10260	:	-47880651;
	10261	:	11156498;
	10262	:	45723057;
	10263	:	-14569987;
	10264	:	-43208202;
	10265	:	17665804;
	10266	:	40690870;
	10267	:	-20177645;
	10268	:	-37560375;
	10269	:	22408095;
	10270	:	33897699;
	10271	:	-23539054;
	10272	:	-29399557;
	10273	:	24263798;
	10274	:	26494913;
	10275	:	-24521471;
	10276	:	-22678095;
	10277	:	26875437;
	10278	:	20098591;
	10279	:	-27627490;
	10280	:	-16537056;
	10281	:	28513090;
	10282	:	13161291;
	10283	:	-28718110;
	10284	:	-10506448;
	10285	:	28305288;
	10286	:	7961611;
	10287	:	-27968904;
	10288	:	-6176848;
	10289	:	27139836;
	10290	:	3555552;
	10291	:	-26174463;
	10292	:	-882051;
	10293	:	24758493;
	10294	:	-1848437;
	10295	:	-24398069;
	10296	:	3909303;
	10297	:	23892641;
	10298	:	-5913327;
	10299	:	-23650345;
	10300	:	6806932;
	10301	:	22055883;
	10302	:	-7832135;
	10303	:	-19926507;
	10304	:	8650764;
	10305	:	16632680;
	10306	:	-10200294;
	10307	:	-14599193;
	10308	:	11990552;
	10309	:	12938712;
	10310	:	-13614794;
	10311	:	-11607292;
	10312	:	13726197;
	10313	:	9636055;
	10314	:	-13630915;
	10315	:	-8318198;
	10316	:	12557662;
	10317	:	6926682;
	10318	:	-12805866;
	10319	:	-6006306;
	10320	:	12963761;
	10321	:	4579878;
	10322	:	-14461621;
	10323	:	-2352577;
	10324	:	14559512;
	10325	:	-256380;
	10326	:	-14906630;
	10327	:	1665573;
	10328	:	14205964;
	10329	:	-2156136;
	10330	:	-14640922;
	10331	:	963624;
	10332	:	14027028;
	10333	:	-958687;
	10334	:	-13612566;
	10335	:	1897520;
	10336	:	13679583;
	10337	:	-8680203;
	10338	:	-10964330;
	10339	:	1881;
	10340	:	229;
	10341	:	-325;
	10342	:	411;
	10343	:	-497;
	10344	:	585;
	10345	:	-673;
	10346	:	760;
	10347	:	-843;
	10348	:	918;
	10349	:	-983;
	10350	:	1035;
	10351	:	-1070;
	10352	:	1084;
	10353	:	-1074;
	10354	:	1036;
	10355	:	-968;
	10356	:	867;
	10357	:	-729;
	10358	:	554;
	10359	:	-341;
	10360	:	90;
	10361	:	199;
	10362	:	-522;
	10363	:	875;
	10364	:	-1253;
	10365	:	1647;
	10366	:	-2047;
	10367	:	2443;
	10368	:	-2822;
	10369	:	3181;
	10370	:	-3537;
	10371	:	4015;
	10372	:	-5333;
	10373	:	31756;
	10374	:	11635;
	10375	:	-12133;
	10376	:	44609;
	10377	:	57847;
	10378	:	22371;
	10379	:	105994;
	10380	:	10039;
	10381	:	-26269;
	10382	:	198692;
	10383	:	37433;
	10384	:	79990;
	10385	:	409494;
	10386	:	15678;
	10387	:	87888;
	10388	:	677477;
	10389	:	340601;
	10390	:	535224;
	10391	:	772682;
	10392	:	-71589;
	10393	:	378021;
	10394	:	943004;
	10395	:	-306373;
	10396	:	285708;
	10397	:	588089;
	10398	:	-583505;
	10399	:	205087;
	10400	:	139977;
	10401	:	-508595;
	10402	:	383777;
	10403	:	-94429;
	10404	:	-1577705;
	10405	:	-483213;
	10406	:	-914325;
	10407	:	-2170475;
	10408	:	-326827;
	10409	:	-1568442;
	10410	:	-2714669;
	10411	:	-1122207;
	10412	:	-1306574;
	10413	:	-977834;
	10414	:	-350257;
	10415	:	-2038901;
	10416	:	-2419967;
	10417	:	-171233;
	10418	:	-1814426;
	10419	:	-2119354;
	10420	:	-298228;
	10421	:	-2116712;
	10422	:	-1398560;
	10423	:	-182123;
	10424	:	-558822;
	10425	:	376436;
	10426	:	898374;
	10427	:	-867036;
	10428	:	-428608;
	10429	:	832867;
	10430	:	-1400553;
	10431	:	473800;
	10432	:	1264289;
	10433	:	-1212865;
	10434	:	-123581;
	10435	:	1243613;
	10436	:	1868187;
	10437	:	2528206;
	10438	:	1814869;
	10439	:	-490262;
	10440	:	1795650;
	10441	:	2514331;
	10442	:	25167;
	10443	:	2307376;
	10444	:	1591385;
	10445	:	300135;
	10446	:	2487515;
	10447	:	3511722;
	10448	:	2888293;
	10449	:	3800386;
	10450	:	3097634;
	10451	:	1048409;
	10452	:	3772966;
	10453	:	1735362;
	10454	:	590898;
	10455	:	3886649;
	10456	:	1203727;
	10457	:	-448343;
	10458	:	1968109;
	10459	:	2568479;
	10460	:	1771589;
	10461	:	2619759;
	10462	:	-1243240;
	10463	:	-1933729;
	10464	:	1438313;
	10465	:	-2575817;
	10466	:	-2168831;
	10467	:	-990770;
	10468	:	-4828887;
	10469	:	-3577576;
	10470	:	-568316;
	10471	:	-2788926;
	10472	:	-2828663;
	10473	:	-1701423;
	10474	:	-5433318;
	10475	:	-2587718;
	10476	:	-2326640;
	10477	:	-6422806;
	10478	:	-1878379;
	10479	:	-1874281;
	10480	:	-5031384;
	10481	:	-2131928;
	10482	:	-354052;
	10483	:	-1648690;
	10484	:	1581980;
	10485	:	-489871;
	10486	:	-3220443;
	10487	:	1582087;
	10488	:	-41350;
	10489	:	-1007276;
	10490	:	2209248;
	10491	:	-1423912;
	10492	:	-1564639;
	10493	:	2835069;
	10494	:	1183151;
	10495	:	-279862;
	10496	:	1161549;
	10497	:	-1824577;
	10498	:	-1018218;
	10499	:	1062923;
	10500	:	-4527342;
	10501	:	-2434201;
	10502	:	-1313518;
	10503	:	-3502825;
	10504	:	-3540057;
	10505	:	-1570246;
	10506	:	-4301688;
	10507	:	-1215889;
	10508	:	-2029990;
	10509	:	-4649367;
	10510	:	-3559371;
	10511	:	-1671819;
	10512	:	-2500647;
	10513	:	1033655;
	10514	:	-487995;
	10515	:	-485477;
	10516	:	4565543;
	10517	:	8371618;
	10518	:	6878014;
	10519	:	4155350;
	10520	:	3637933;
	10521	:	2495710;
	10522	:	6180918;
	10523	:	409665;
	10524	:	686031;
	10525	:	-5478582;
	10526	:	-761508;
	10527	:	-3661833;
	10528	:	4263377;
	10529	:	2873855;
	10530	:	-368413;
	10531	:	-7231993;
	10532	:	1996895;
	10533	:	-7084791;
	10534	:	835513;
	10535	:	498601;
	10536	:	18928219;
	10537	:	15582281;
	10538	:	24984360;
	10539	:	3498891;
	10540	:	-11105209;
	10541	:	185609062;
	10542	:	191293270;
	10543	:	157194772;
	10544	:	156936931;
	10545	:	145038396;
	10546	:	139806506;
	10547	:	133280558;
	10548	:	148380360;
	10549	:	137794998;
	10550	:	149537767;
	10551	:	144910937;
	10552	:	163045258;
	10553	:	153883145;
	10554	:	153255466;
	10555	:	150822725;
	10556	:	144406562;
	10557	:	150879777;
	10558	:	149087467;
	10559	:	149642502;
	10560	:	141523523;
	10561	:	150809238;
	10562	:	138344002;
	10563	:	156098403;
	10564	:	133738752;
	10565	:	172859959;
	10566	:	76290917;
	10567	:	-158878156;
	10568	:	-146500127;
	10569	:	-152174988;
	10570	:	-148661080;
	10571	:	-144257393;
	10572	:	-151967967;
	10573	:	-143062436;
	10574	:	-153432776;
	10575	:	-149622740;
	10576	:	-153110751;
	10577	:	-146532964;
	10578	:	-150987015;
	10579	:	-149817953;
	10580	:	-154390331;
	10581	:	-147670531;
	10582	:	-151837159;
	10583	:	-150237230;
	10584	:	-154584904;
	10585	:	-152385180;
	10586	:	-145878484;
	10587	:	-157599307;
	10588	:	-141692056;
	10589	:	-157251232;
	10590	:	-134699076;
	10591	:	-177313646;
	10592	:	-28260812;
	10593	:	173349992;
	10594	:	138517320;
	10595	:	160781522;
	10596	:	146115217;
	10597	:	152302206;
	10598	:	150971377;
	10599	:	147705263;
	10600	:	154176316;
	10601	:	145896985;
	10602	:	151624941;
	10603	:	143512102;
	10604	:	153579085;
	10605	:	148264402;
	10606	:	148757159;
	10607	:	148373500;
	10608	:	155048964;
	10609	:	148238661;
	10610	:	151042004;
	10611	:	148815061;
	10612	:	146915603;
	10613	:	154207902;
	10614	:	143498370;
	10615	:	153385963;
	10616	:	138815709;
	10617	:	168524524;
	10618	:	-22679749;
	10619	:	-182625590;
	10620	:	-140279651;
	10621	:	-166823866;
	10622	:	-153321605;
	10623	:	-158184890;
	10624	:	-154207601;
	10625	:	-153572275;
	10626	:	-160345278;
	10627	:	-155238192;
	10628	:	-156894461;
	10629	:	-157190357;
	10630	:	-161590457;
	10631	:	-157255484;
	10632	:	-153540506;
	10633	:	-151700014;
	10634	:	-156992689;
	10635	:	-142528133;
	10636	:	-151115590;
	10637	:	-147629648;
	10638	:	-148929426;
	10639	:	-150426564;
	10640	:	-144085137;
	10641	:	-145824753;
	10642	:	-142808402;
	10643	:	-151980232;
	10644	:	70259414;
	10645	:	178278416;
	10646	:	141703613;
	10647	:	158393426;
	10648	:	147969353;
	10649	:	155301198;
	10650	:	143052371;
	10651	:	152997488;
	10652	:	152761583;
	10653	:	147885033;
	10654	:	144016487;
	10655	:	144267975;
	10656	:	141889213;
	10657	:	144665180;
	10658	:	142696871;
	10659	:	141646015;
	10660	:	149151846;
	10661	:	144113234;
	10662	:	153210375;
	10663	:	149474623;
	10664	:	158030429;
	10665	:	143722807;
	10666	:	157654115;
	10667	:	149605914;
	10668	:	154868676;
	10669	:	138462010;
	10670	:	-103618845;
	10671	:	-157362047;
	10672	:	-135225388;
	10673	:	-154089839;
	10674	:	-135725713;
	10675	:	-143885062;
	10676	:	-135101221;
	10677	:	-147516385;
	10678	:	-140378507;
	10679	:	-145095792;
	10680	:	-141254052;
	10681	:	-146532806;
	10682	:	-148506053;
	10683	:	-147933877;
	10684	:	-154265633;
	10685	:	-147932494;
	10686	:	-153014183;
	10687	:	-145815430;
	10688	:	-154895865;
	10689	:	-145283865;
	10690	:	-158704339;
	10691	:	-147682222;
	10692	:	-151925003;
	10693	:	-146465138;
	10694	:	-168849299;
	10695	:	-103556787;
	10696	:	141836563;
	10697	:	155591464;
	10698	:	145338284;
	10699	:	154864370;
	10700	:	150537948;
	10701	:	159391902;
	10702	:	149499360;
	10703	:	160752333;
	10704	:	146906637;
	10705	:	145190290;
	10706	:	148436386;
	10707	:	152500133;
	10708	:	144968756;
	10709	:	149913637;
	10710	:	142105031;
	10711	:	139844426;
	10712	:	147117958;
	10713	:	142816148;
	10714	:	149314391;
	10715	:	140720659;
	10716	:	143420141;
	10717	:	140546869;
	10718	:	155939109;
	10719	:	131413251;
	10720	:	175131447;
	10721	:	58146643;
	10722	:	-164887813;
	10723	:	-143651408;
	10724	:	-150758073;
	10725	:	-148517774;
	10726	:	-146733513;
	10727	:	-152736921;
	10728	:	-152265894;
	10729	:	-151397375;
	10730	:	-147752852;
	10731	:	-148084816;
	10732	:	-147350708;
	10733	:	-152655431;
	10734	:	-150083423;
	10735	:	-155374851;
	10736	:	-149015188;
	10737	:	-157635874;
	10738	:	-153697288;
	10739	:	-150529378;
	10740	:	-157116411;
	10741	:	-154733653;
	10742	:	-158338493;
	10743	:	-153562131;
	10744	:	-162246535;
	10745	:	-142039579;
	10746	:	-182576840;
	10747	:	-21014117;
	10748	:	169161104;
	10749	:	136244007;
	10750	:	154352167;
	10751	:	144997257;
	10752	:	149359387;
	10753	:	148093373;
	10754	:	151898977;
	10755	:	153315872;
	10756	:	148256124;
	10757	:	149458327;
	10758	:	147126615;
	10759	:	151782994;
	10760	:	149368572;
	10761	:	151884534;
	10762	:	144752927;
	10763	:	152447614;
	10764	:	149466848;
	10765	:	146084519;
	10766	:	141652107;
	10767	:	147932513;
	10768	:	148223289;
	10769	:	142752266;
	10770	:	148851936;
	10771	:	137676640;
	10772	:	172864011;
	10773	:	-28864034;
	10774	:	-175815907;
	10775	:	-135004460;
	10776	:	-155409108;
	10777	:	-138848474;
	10778	:	-152345093;
	10779	:	-147162716;
	10780	:	-149967262;
	10781	:	-151040307;
	10782	:	-147968945;
	10783	:	-144014090;
	10784	:	-149788822;
	10785	:	-151189122;
	10786	:	-142700326;
	10787	:	-147981271;
	10788	:	-147259708;
	10789	:	-153808933;
	10790	:	-144550635;
	10791	:	-155254398;
	10792	:	-144317565;
	10793	:	-155961614;
	10794	:	-153385243;
	10795	:	-149060666;
	10796	:	-153064678;
	10797	:	-153379236;
	10798	:	-156859211;
	10799	:	75262932;
	10800	:	169192873;
	10801	:	141589171;
	10802	:	152346339;
	10803	:	147316844;
	10804	:	159498231;
	10805	:	145928695;
	10806	:	158041751;
	10807	:	142555293;
	10808	:	151195383;
	10809	:	147893624;
	10810	:	146441615;
	10811	:	145413757;
	10812	:	146308029;
	10813	:	152619776;
	10814	:	149514561;
	10815	:	156719105;
	10816	:	145960842;
	10817	:	159386738;
	10818	:	145932356;
	10819	:	158520054;
	10820	:	152200995;
	10821	:	158074841;
	10822	:	152959169;
	10823	:	157812805;
	10824	:	137250984;
	10825	:	-108811966;
	10826	:	-153605272;
	10827	:	-133012642;
	10828	:	-151715985;
	10829	:	-138511857;
	10830	:	-152490165;
	10831	:	-145905754;
	10832	:	-154550891;
	10833	:	-142934899;
	10834	:	-154358980;
	10835	:	-149979832;
	10836	:	-151489664;
	10837	:	-148974287;
	10838	:	-147498765;
	10839	:	-150714362;
	10840	:	-146069693;
	10841	:	-149672151;
	10842	:	-146441265;
	10843	:	-150763415;
	10844	:	-143614682;
	10845	:	-151631925;
	10846	:	-137232024;
	10847	:	-154384948;
	10848	:	-133804652;
	10849	:	-164482356;
	10850	:	-91920401;
	10851	:	149478791;
	10852	:	153435486;
	10853	:	150447459;
	10854	:	155318535;
	10855	:	146633000;
	10856	:	152677574;
	10857	:	145467358;
	10858	:	150045200;
	10859	:	146908936;
	10860	:	151570435;
	10861	:	147495591;
	10862	:	151575210;
	10863	:	148742552;
	10864	:	152893259;
	10865	:	149845004;
	10866	:	150154505;
	10867	:	150761599;
	10868	:	149498692;
	10869	:	154780613;
	10870	:	149960390;
	10871	:	157888082;
	10872	:	147461158;
	10873	:	163953561;
	10874	:	136624053;
	10875	:	175358430;
	10876	:	56909327;
	10877	:	-164161154;
	10878	:	-143507277;
	10879	:	-152829431;
	10880	:	-149190241;
	10881	:	-150911102;
	10882	:	-150473034;
	10883	:	-150549533;
	10884	:	-153588208;
	10885	:	-153740793;
	10886	:	-156015635;
	10887	:	-152357407;
	10888	:	-158234115;
	10889	:	-147911553;
	10890	:	-159641929;
	10891	:	-151251903;
	10892	:	-160427900;
	10893	:	-156059830;
	10894	:	-155811998;
	10895	:	-156828754;
	10896	:	-150278336;
	10897	:	-158515403;
	10898	:	-145853229;
	10899	:	-164052479;
	10900	:	-135367348;
	10901	:	-176965731;
	10902	:	-4916643;
	10903	:	173302795;
	10904	:	132923427;
	10905	:	163513067;
	10906	:	141250184;
	10907	:	152435908;
	10908	:	153912436;
	10909	:	148871212;
	10910	:	153930220;
	10911	:	152295756;
	10912	:	148258501;
	10913	:	154382793;
	10914	:	155418470;
	10915	:	148835680;
	10916	:	156881657;
	10917	:	149885706;
	10918	:	154190154;
	10919	:	150040434;
	10920	:	157417348;
	10921	:	149604521;
	10922	:	150473315;
	10923	:	155890559;
	10924	:	152759918;
	10925	:	156602623;
	10926	:	146707612;
	10927	:	172275220;
	10928	:	-39116707;
	10929	:	-173939599;
	10930	:	-135696433;
	10931	:	-161501858;
	10932	:	-146081881;
	10933	:	-156312831;
	10934	:	-149256205;
	10935	:	-155473110;
	10936	:	-151105857;
	10937	:	-155365147;
	10938	:	-154644243;
	10939	:	-150406712;
	10940	:	-155860658;
	10941	:	-150784488;
	10942	:	-155652003;
	10943	:	-152423017;
	10944	:	-156620756;
	10945	:	-147305210;
	10946	:	-154299434;
	10947	:	-148735457;
	10948	:	-148012969;
	10949	:	-145884542;
	10950	:	-152530086;
	10951	:	-145320541;
	10952	:	-145785316;
	10953	:	-144759433;
	10954	:	89210787;
	10955	:	173537330;
	10956	:	142499840;
	10957	:	161437015;
	10958	:	150307834;
	10959	:	159744437;
	10960	:	149144257;
	10961	:	160317009;
	10962	:	151681331;
	10963	:	157144447;
	10964	:	155744585;
	10965	:	154097112;
	10966	:	155336141;
	10967	:	151409165;
	10968	:	150976642;
	10969	:	157655158;
	10970	:	159178107;
	10971	:	147202120;
	10972	:	165988262;
	10973	:	148666784;
	10974	:	153601138;
	10975	:	154306763;
	10976	:	155576668;
	10977	:	144605611;
	10978	:	159999092;
	10979	:	120624081;
	10980	:	-120058502;
	10981	:	-159602801;
	10982	:	-142095391;
	10983	:	-158045485;
	10984	:	-148590597;
	10985	:	-149674796;
	10986	:	-142190113;
	10987	:	-154152347;
	10988	:	-141819836;
	10989	:	-154249402;
	10990	:	-147573807;
	10991	:	-150199906;
	10992	:	-152600651;
	10993	:	-155563349;
	10994	:	-153301592;
	10995	:	-157052885;
	10996	:	-153942161;
	10997	:	-147160658;
	10998	:	-165780115;
	10999	:	-150302715;
	11000	:	-159463162;
	11001	:	-151776206;
	11002	:	-163106873;
	11003	:	-140897124;
	11004	:	-174730630;
	11005	:	-87443011;
	11006	:	157418658;
	11007	:	151261871;
	11008	:	146918199;
	11009	:	151824177;
	11010	:	150379440;
	11011	:	152969542;
	11012	:	148904164;
	11013	:	156181661;
	11014	:	147656924;
	11015	:	158706615;
	11016	:	151048906;
	11017	:	156458058;
	11018	:	157090904;
	11019	:	158521460;
	11020	:	147094427;
	11021	:	162598260;
	11022	:	149011959;
	11023	:	145915660;
	11024	:	163395391;
	11025	:	147365224;
	11026	:	159951104;
	11027	:	142773807;
	11028	:	156007657;
	11029	:	136493408;
	11030	:	174611925;
	11031	:	42177105;
	11032	:	-169271934;
	11033	:	-143852133;
	11034	:	-155713275;
	11035	:	-152699850;
	11036	:	-153118197;
	11037	:	-155272259;
	11038	:	-157618638;
	11039	:	-158208189;
	11040	:	-156953435;
	11041	:	-157634006;
	11042	:	-160605470;
	11043	:	-160211134;
	11044	:	-157206691;
	11045	:	-161979204;
	11046	:	-152851598;
	11047	:	-167265049;
	11048	:	-150124224;
	11049	:	-159864539;
	11050	:	-149353243;
	11051	:	-145013290;
	11052	:	-155924488;
	11053	:	-142252169;
	11054	:	-148709376;
	11055	:	-134430123;
	11056	:	-175400217;
	11057	:	1399115;
	11058	:	169886804;
	11059	:	140711610;
	11060	:	152776907;
	11061	:	145908500;
	11062	:	148162264;
	11063	:	144001189;
	11064	:	155891270;
	11065	:	149272295;
	11066	:	143942663;
	11067	:	156476456;
	11068	:	155255207;
	11069	:	145978324;
	11070	:	141817064;
	11071	:	145944332;
	11072	:	144665027;
	11073	:	148831076;
	11074	:	147070203;
	11075	:	155622629;
	11076	:	145204874;
	11077	:	152740471;
	11078	:	149410915;
	11079	:	142106345;
	11080	:	148197871;
	11081	:	151516311;
	11082	:	163581784;
	11083	:	-45307972;
	11084	:	-175675764;
	11085	:	-142160353;
	11086	:	-147373135;
	11087	:	-150747628;
	11088	:	-154287454;
	11089	:	-139619417;
	11090	:	-154461867;
	11091	:	-151819246;
	11092	:	-150241228;
	11093	:	-156070344;
	11094	:	-152571693;
	11095	:	-153384897;
	11096	:	-149598276;
	11097	:	-146294995;
	11098	:	-148142067;
	11099	:	-158484837;
	11100	:	-155871856;
	11101	:	-164115925;
	11102	:	-152126538;
	11103	:	-161053203;
	11104	:	-161730572;
	11105	:	-150179029;
	11106	:	-147269320;
	11107	:	-163609427;
	11108	:	-148744274;
	11109	:	93869684;
	11110	:	178064536;
	11111	:	139022607;
	11112	:	154453413;
	11113	:	155098765;
	11114	:	157120607;
	11115	:	146641240;
	11116	:	160978682;
	11117	:	148547699;
	11118	:	151237480;
	11119	:	157148044;
	11120	:	151814792;
	11121	:	147371131;
	11122	:	149111512;
	11123	:	146428224;
	11124	:	143908783;
	11125	:	156305643;
	11126	:	155725914;
	11127	:	156641836;
	11128	:	146186141;
	11129	:	160216742;
	11130	:	159161510;
	11131	:	152804385;
	11132	:	143044924;
	11133	:	165243450;
	11134	:	111244273;
	11135	:	-125871114;
	11136	:	-168348654;
	11137	:	-145473885;
	11138	:	-153067493;
	11139	:	-150566003;
	11140	:	-155377173;
	11141	:	-145108011;
	11142	:	-160710419;
	11143	:	-141874136;
	11144	:	-150156353;
	11145	:	-153717443;
	11146	:	-151405505;
	11147	:	-146886295;
	11148	:	-151084578;
	11149	:	-149507474;
	11150	:	-150363202;
	11151	:	-158590296;
	11152	:	-141014027;
	11153	:	-157451586;
	11154	:	-150827913;
	11155	:	-161760796;
	11156	:	-148821771;
	11157	:	-154353404;
	11158	:	-144385978;
	11159	:	-177085815;
	11160	:	-77742787;
	11161	:	160054709;
	11162	:	151592911;
	11163	:	143636725;
	11164	:	151695862;
	11165	:	163608125;
	11166	:	154376274;
	11167	:	152213500;
	11168	:	155030733;
	11169	:	142299807;
	11170	:	158433806;
	11171	:	140198635;
	11172	:	147286127;
	11173	:	142989038;
	11174	:	155797269;
	11175	:	147707224;
	11176	:	153391029;
	11177	:	147525924;
	11178	:	148694168;
	11179	:	165876167;
	11180	:	143526512;
	11181	:	156299184;
	11182	:	140980881;
	11183	:	158537340;
	11184	:	140343869;
	11185	:	169982225;
	11186	:	23666795;
	11187	:	-174426187;
	11188	:	-145010949;
	11189	:	-149015964;
	11190	:	-156751401;
	11191	:	-161864715;
	11192	:	-146260122;
	11193	:	-150330317;
	11194	:	-154449468;
	11195	:	-150406658;
	11196	:	-153203984;
	11197	:	-145221026;
	11198	:	-145173870;
	11199	:	-154169138;
	11200	:	-149134977;
	11201	:	-143876738;
	11202	:	-145542644;
	11203	:	-141630212;
	11204	:	-148437743;
	11205	:	-143149006;
	11206	:	-140696705;
	11207	:	-142885821;
	11208	:	-141377106;
	11209	:	-146081686;
	11210	:	-137887773;
	11211	:	-160808613;
	11212	:	28460481;
	11213	:	185753959;
	11214	:	142291198;
	11215	:	152872642;
	11216	:	162746021;
	11217	:	157878269;
	11218	:	143759578;
	11219	:	151088429;
	11220	:	154470321;
	11221	:	147370213;
	11222	:	150056284;
	11223	:	148907517;
	11224	:	153493114;
	11225	:	153838143;
	11226	:	145724959;
	11227	:	154195570;
	11228	:	155666557;
	11229	:	154615718;
	11230	:	161454622;
	11231	:	151658536;
	11232	:	164191315;
	11233	:	160230187;
	11234	:	153793964;
	11235	:	157646485;
	11236	:	155423575;
	11237	:	163056469;
	11238	:	-65307953;
	11239	:	-165672607;
	11240	:	-132242457;
	11241	:	-147586068;
	11242	:	-149821565;
	11243	:	-160581287;
	11244	:	-137651611;
	11245	:	-158839411;
	11246	:	-150703171;
	11247	:	-158173438;
	11248	:	-153736917;
	11249	:	-151862269;
	11250	:	-167274838;
	11251	:	-155866582;
	11252	:	-151989610;
	11253	:	-158792258;
	11254	:	-158222475;
	11255	:	-163082680;
	11256	:	-158278408;
	11257	:	-144177878;
	11258	:	-156556724;
	11259	:	-155446450;
	11260	:	-156052714;
	11261	:	-135928480;
	11262	:	-151323811;
	11263	:	-135319199;
	11264	:	102309522;
	11265	:	169930342;
	11266	:	143572902;
	11267	:	157964365;
	11268	:	150169034;
	11269	:	157300510;
	11270	:	150400101;
	11271	:	157317204;
	11272	:	144670748;
	11273	:	156708944;
	11274	:	149082520;
	11275	:	154504716;
	11276	:	152564866;
	11277	:	141717727;
	11278	:	148811842;
	11279	:	157860275;
	11280	:	152978109;
	11281	:	139964138;
	11282	:	152954277;
	11283	:	141232073;
	11284	:	158469871;
	11285	:	143296391;
	11286	:	150589930;
	11287	:	137448414;
	11288	:	161486515;
	11289	:	107317006;
	11290	:	-137284962;
	11291	:	-160263960;
	11292	:	-145133439;
	11293	:	-145977775;
	11294	:	-151658083;
	11295	:	-156585014;
	11296	:	-150370404;
	11297	:	-153181569;
	11298	:	-142196143;
	11299	:	-155647545;
	11300	:	-148963739;
	11301	:	-153882365;
	11302	:	-148578969;
	11303	:	-147709918;
	11304	:	-156435026;
	11305	:	-159149529;
	11306	:	-145926108;
	11307	:	-147925827;
	11308	:	-154439092;
	11309	:	-148228746;
	11310	:	-164036976;
	11311	:	-142477946;
	11312	:	-156690352;
	11313	:	-143423328;
	11314	:	-175254959;
	11315	:	-66361238;
	11316	:	161242038;
	11317	:	148659941;
	11318	:	151554130;
	11319	:	143648571;
	11320	:	155109197;
	11321	:	153641653;
	11322	:	146946214;
	11323	:	154496838;
	11324	:	143160468;
	11325	:	157188377;
	11326	:	147506379;
	11327	:	152765867;
	11328	:	144586782;
	11329	:	144746437;
	11330	:	147200635;
	11331	:	147586918;
	11332	:	146576871;
	11333	:	150297304;
	11334	:	150204220;
	11335	:	148772767;
	11336	:	157261100;
	11337	:	148041634;
	11338	:	153649287;
	11339	:	136463544;
	11340	:	178280754;
	11341	:	17559323;
	11342	:	-171643595;
	11343	:	-139117028;
	11344	:	-153696455;
	11345	:	-141127431;
	11346	:	-151428325;
	11347	:	-144126103;
	11348	:	-146713254;
	11349	:	-146394400;
	11350	:	-135989188;
	11351	:	-150782520;
	11352	:	-141847520;
	11353	:	-148955309;
	11354	:	-142300418;
	11355	:	-141200530;
	11356	:	-144752924;
	11357	:	-148442652;
	11358	:	-147214234;
	11359	:	-154967544;
	11360	:	-153298082;
	11361	:	-159570329;
	11362	:	-155817606;
	11363	:	-152249139;
	11364	:	-155626951;
	11365	:	-138979660;
	11366	:	-177183915;
	11367	:	24270367;
	11368	:	167332306;
	11369	:	134141642;
	11370	:	150975476;
	11371	:	140049567;
	11372	:	148657029;
	11373	:	136320491;
	11374	:	161886099;
	11375	:	146320170;
	11376	:	140282465;
	11377	:	153324483;
	11378	:	147417096;
	11379	:	159572423;
	11380	:	142970871;
	11381	:	152970462;
	11382	:	148152781;
	11383	:	152179856;
	11384	:	155255039;
	11385	:	151413889;
	11386	:	158408466;
	11387	:	159164750;
	11388	:	154935009;
	11389	:	153580455;
	11390	:	153121827;
	11391	:	147787318;
	11392	:	150606787;
	11393	:	-76055308;
	11394	:	-177066166;
	11395	:	-142465975;
	11396	:	-164937298;
	11397	:	-151583380;
	11398	:	-156615363;
	11399	:	-148346633;
	11400	:	-161445814;
	11401	:	-147341635;
	11402	:	-149540949;
	11403	:	-149036185;
	11404	:	-150413445;
	11405	:	-156734804;
	11406	:	-144987565;
	11407	:	-149125443;
	11408	:	-149705744;
	11409	:	-148138942;
	11410	:	-147617856;
	11411	:	-149345529;
	11412	:	-144359210;
	11413	:	-159185427;
	11414	:	-145929553;
	11415	:	-155684761;
	11416	:	-144297059;
	11417	:	-160698355;
	11418	:	-132431938;
	11419	:	115254610;
	11420	:	169521921;
	11421	:	142844685;
	11422	:	155068126;
	11423	:	150435038;
	11424	:	148551576;
	11425	:	149638123;
	11426	:	148284173;
	11427	:	144291248;
	11428	:	152710423;
	11429	:	147529102;
	11430	:	157055552;
	11431	:	151502273;
	11432	:	149812174;
	11433	:	150845271;
	11434	:	150610414;
	11435	:	152142430;
	11436	:	146864081;
	11437	:	150491385;
	11438	:	145138813;
	11439	:	155792759;
	11440	:	147581701;
	11441	:	149570079;
	11442	:	145538234;
	11443	:	159424362;
	11444	:	97186892;
	11445	:	-146325889;
	11446	:	-163971703;
	11447	:	-142441082;
	11448	:	-161997097;
	11449	:	-150372868;
	11450	:	-154150706;
	11451	:	-149470664;
	11452	:	-145089906;
	11453	:	-145535632;
	11454	:	-149599361;
	11455	:	-140959967;
	11456	:	-152486597;
	11457	:	-137698218;
	11458	:	-155419528;
	11459	:	-141906746;
	11460	:	-149527743;
	11461	:	-147649549;
	11462	:	-143277846;
	11463	:	-149482046;
	11464	:	-136074511;
	11465	:	-160316295;
	11466	:	-139430023;
	11467	:	-156558362;
	11468	:	-136400815;
	11469	:	-177364170;
	11470	:	-58444130;
	11471	:	169671347;
	11472	:	144186676;
	11473	:	150410173;
	11474	:	149234100;
	11475	:	149533502;
	11476	:	152428198;
	11477	:	150737905;
	11478	:	148036792;
	11479	:	140236200;
	11480	:	154753818;
	11481	:	149152862;
	11482	:	147098729;
	11483	:	147739267;
	11484	:	156464962;
	11485	:	147714067;
	11486	:	156959638;
	11487	:	146768962;
	11488	:	151271201;
	11489	:	153430885;
	11490	:	143959072;
	11491	:	160148881;
	11492	:	143449140;
	11493	:	153568701;
	11494	:	140626669;
	11495	:	178632509;
	11496	:	7214628;
	11497	:	-179776216;
	11498	:	-147240882;
	11499	:	-159318715;
	11500	:	-147470572;
	11501	:	-158625720;
	11502	:	-150345735;
	11503	:	-153609466;
	11504	:	-155037312;
	11505	:	-151409281;
	11506	:	-151870903;
	11507	:	-150206790;
	11508	:	-158795645;
	11509	:	-151547927;
	11510	:	-157794274;
	11511	:	-150220620;
	11512	:	-152446271;
	11513	:	-151005756;
	11514	:	-156510670;
	11515	:	-151282351;
	11516	:	-155819729;
	11517	:	-148789421;
	11518	:	-148447217;
	11519	:	-163552694;
	11520	:	-146516404;
	11521	:	-175161783;
	11522	:	41274537;
	11523	:	175147912;
	11524	:	133250918;
	11525	:	154696834;
	11526	:	143421915;
	11527	:	154028802;
	11528	:	142753930;
	11529	:	155097538;
	11530	:	144648340;
	11531	:	146935085;
	11532	:	146396130;
	11533	:	144582981;
	11534	:	152360776;
	11535	:	148795855;
	11536	:	155156688;
	11537	:	145354368;
	11538	:	150860518;
	11539	:	146677600;
	11540	:	155123446;
	11541	:	148224475;
	11542	:	154479813;
	11543	:	150278116;
	11544	:	150258522;
	11545	:	153206955;
	11546	:	151911098;
	11547	:	154369418;
	11548	:	-87202379;
	11549	:	-171999916;
	11550	:	-137170828;
	11551	:	-160581650;
	11552	:	-145369917;
	11553	:	-162067740;
	11554	:	-148566391;
	11555	:	-157402223;
	11556	:	-153689723;
	11557	:	-155691002;
	11558	:	-153762822;
	11559	:	-157070281;
	11560	:	-152878866;
	11561	:	-155405756;
	11562	:	-157889096;
	11563	:	-154753239;
	11564	:	-163138511;
	11565	:	-152419947;
	11566	:	-161665986;
	11567	:	-156092958;
	11568	:	-159227908;
	11569	:	-150886620;
	11570	:	-162072929;
	11571	:	-143792489;
	11572	:	-163958878;
	11573	:	-124365214;
	11574	:	126877047;
	11575	:	163972019;
	11576	:	148353566;
	11577	:	163021317;
	11578	:	151831082;
	11579	:	164108604;
	11580	:	152634158;
	11581	:	160416545;
	11582	:	155878874;
	11583	:	158884645;
	11584	:	154382893;
	11585	:	152189194;
	11586	:	149655928;
	11587	:	156066403;
	11588	:	149784408;
	11589	:	151275417;
	11590	:	152232720;
	11591	:	146386241;
	11592	:	152718946;
	11593	:	149326993;
	11594	:	152447474;
	11595	:	137811786;
	11596	:	164168406;
	11597	:	142981583;
	11598	:	172364501;
	11599	:	86037691;
	11600	:	-151959453;
	11601	:	-148561513;
	11602	:	-143812401;
	11603	:	-153996303;
	11604	:	-144972576;
	11605	:	-155580572;
	11606	:	-141725778;
	11607	:	-153207138;
	11608	:	-145792611;
	11609	:	-149028512;
	11610	:	-150821031;
	11611	:	-149819763;
	11612	:	-149718843;
	11613	:	-149733747;
	11614	:	-154254767;
	11615	:	-150229246;
	11616	:	-150703552;
	11617	:	-152580063;
	11618	:	-153761356;
	11619	:	-142512974;
	11620	:	-154951130;
	11621	:	-143350033;
	11622	:	-157792741;
	11623	:	-132958619;
	11624	:	-176638032;
	11625	:	-40188289;
	11626	:	170454407;
	11627	:	137093831;
	11628	:	154591756;
	11629	:	145159105;
	11630	:	153036966;
	11631	:	149181210;
	11632	:	144243549;
	11633	:	147777137;
	11634	:	145134233;
	11635	:	146039762;
	11636	:	140421562;
	11637	:	145128818;
	11638	:	140609502;
	11639	:	149819677;
	11640	:	146796290;
	11641	:	148064216;
	11642	:	147508568;
	11643	:	150950241;
	11644	:	144688206;
	11645	:	144611018;
	11646	:	152763694;
	11647	:	141899265;
	11648	:	156278840;
	11649	:	134231206;
	11650	:	172994349;
	11651	:	-5339885;
	11652	:	-178497135;
	11653	:	-139906873;
	11654	:	-158201572;
	11655	:	-142881982;
	11656	:	-153244290;
	11657	:	-143806320;
	11658	:	-148658375;
	11659	:	-143497916;
	11660	:	-145079936;
	11661	:	-147522971;
	11662	:	-142815314;
	11663	:	-147678026;
	11664	:	-141986332;
	11665	:	-149479021;
	11666	:	-144429714;
	11667	:	-150943784;
	11668	:	-147671875;
	11669	:	-154494280;
	11670	:	-146310066;
	11671	:	-149362404;
	11672	:	-149969058;
	11673	:	-149218342;
	11674	:	-156369158;
	11675	:	-144867572;
	11676	:	-168452877;
	11677	:	50816886;
	11678	:	171036957;
	11679	:	132930465;
	11680	:	158987515;
	11681	:	145079592;
	11682	:	156794410;
	11683	:	149275025;
	11684	:	155911796;
	11685	:	148321770;
	11686	:	151934488;
	11687	:	149608600;
	11688	:	149337171;
	11689	:	152186524;
	11690	:	148524791;
	11691	:	148410551;
	11692	:	145367915;
	11693	:	149552249;
	11694	:	147617446;
	11695	:	151725429;
	11696	:	139776214;
	11697	:	157899053;
	11698	:	146068157;
	11699	:	149719275;
	11700	:	144689497;
	11701	:	150131879;
	11702	:	148702931;
	11703	:	-95673752;
	11704	:	-168532831;
	11705	:	-136310824;
	11706	:	-156632023;
	11707	:	-142495513;
	11708	:	-155565432;
	11709	:	-145982127;
	11710	:	-153632767;
	11711	:	-149432825;
	11712	:	-151616563;
	11713	:	-148647716;
	11714	:	-147736028;
	11715	:	-152660884;
	11716	:	-146816341;
	11717	:	-150430168;
	11718	:	-149248397;
	11719	:	-150592327;
	11720	:	-149798463;
	11721	:	-152166523;
	11722	:	-143185607;
	11723	:	-155796302;
	11724	:	-145859038;
	11725	:	-156059454;
	11726	:	-142545948;
	11727	:	-162344083;
	11728	:	-120876932;
	11729	:	131736562;
	11730	:	155993592;
	11731	:	141965352;
	11732	:	155608146;
	11733	:	142354224;
	11734	:	153449586;
	11735	:	143246129;
	11736	:	151775991;
	11737	:	143706403;
	11738	:	151609287;
	11739	:	146807874;
	11740	:	152120295;
	11741	:	148216451;
	11742	:	151506531;
	11743	:	149961754;
	11744	:	149080002;
	11745	:	151848617;
	11746	:	146184722;
	11747	:	154220241;
	11748	:	145523407;
	11749	:	155145397;
	11750	:	141761902;
	11751	:	158474905;
	11752	:	135973872;
	11753	:	169205219;
	11754	:	73775764;
	11755	:	-161221056;
	11756	:	-150935672;
	11757	:	-154139514;
	11758	:	-152376066;
	11759	:	-150614993;
	11760	:	-155369218;
	11761	:	-149611165;
	11762	:	-154079799;
	11763	:	-148092599;
	11764	:	-153917974;
	11765	:	-147453712;
	11766	:	-154365874;
	11767	:	-147090761;
	11768	:	-154873125;
	11769	:	-151053410;
	11770	:	-151903982;
	11771	:	-153189400;
	11772	:	-150545084;
	11773	:	-155106319;
	11774	:	-150455652;
	11775	:	-156568609;
	11776	:	-146255710;
	11777	:	-161232265;
	11778	:	-135608349;
	11779	:	-177216877;
	11780	:	-33082298;
	11781	:	170649175;
	11782	:	138020233;
	11783	:	153764219;
	11784	:	146121066;
	11785	:	150464174;
	11786	:	148618271;
	11787	:	150670051;
	11788	:	152399858;
	11789	:	147703700;
	11790	:	153449831;
	11791	:	145966580;
	11792	:	155387781;
	11793	:	150076724;
	11794	:	155711734;
	11795	:	149358944;
	11796	:	154955108;
	11797	:	152918249;
	11798	:	151636655;
	11799	:	155496713;
	11800	:	151159354;
	11801	:	157985489;
	11802	:	151883623;
	11803	:	159114167;
	11804	:	142020220;
	11805	:	178421565;
	11806	:	-13716589;
	11807	:	-175822526;
	11808	:	-136263972;
	11809	:	-160013898;
	11810	:	-140791008;
	11811	:	-155092358;
	11812	:	-148453539;
	11813	:	-150543625;
	11814	:	-146444998;
	11815	:	-149402360;
	11816	:	-149438469;
	11817	:	-149632170;
	11818	:	-153110069;
	11819	:	-145693304;
	11820	:	-154105886;
	11821	:	-144665052;
	11822	:	-158016057;
	11823	:	-144425357;
	11824	:	-150336204;
	11825	:	-145934481;
	11826	:	-155125841;
	11827	:	-150843627;
	11828	:	-146291702;
	11829	:	-150281992;
	11830	:	-142980735;
	11831	:	-159065068;
	11832	:	71241653;
	11833	:	174011167;
	11834	:	139849947;
	11835	:	162779423;
	11836	:	145402193;
	11837	:	157815518;
	11838	:	146580733;
	11839	:	150994096;
	11840	:	149091863;
	11841	:	148733474;
	11842	:	149146632;
	11843	:	150047736;
	11844	:	147863565;
	11845	:	148678100;
	11846	:	150542361;
	11847	:	148388153;
	11848	:	151685627;
	11849	:	145157152;
	11850	:	152897243;
	11851	:	145358813;
	11852	:	157034603;
	11853	:	145440734;
	11854	:	154609723;
	11855	:	146118738;
	11856	:	153491585;
	11857	:	138257806;
	11858	:	-106963466;
	11859	:	-166365851;
	11860	:	-142699991;
	11861	:	-160905955;
	11862	:	-144889181;
	11863	:	-159131239;
	11864	:	-148993850;
	11865	:	-155761804;
	11866	:	-147664255;
	11867	:	-154137007;
	11868	:	-153477267;
	11869	:	-152072471;
	11870	:	-154829940;
	11871	:	-153256595;
	11872	:	-154541402;
	11873	:	-148715040;
	11874	:	-156897974;
	11875	:	-144543037;
	11876	:	-154219514;
	11877	:	-147027981;
	11878	:	-153550077;
	11879	:	-144502308;
	11880	:	-157471474;
	11881	:	-140617581;
	11882	:	-162452246;
	11883	:	-108395541;
	11884	:	137126544;
	11885	:	149159618;
	11886	:	146900686;
	11887	:	153830115;
	11888	:	144437334;
	11889	:	153674380;
	11890	:	146364853;
	11891	:	153392770;
	11892	:	146708556;
	11893	:	157001656;
	11894	:	145377299;
	11895	:	154621809;
	11896	:	156661693;
	11897	:	154992115;
	11898	:	155384534;
	11899	:	155686895;
	11900	:	157327686;
	11901	:	153045262;
	11902	:	159437247;
	11903	:	149599209;
	11904	:	157472134;
	11905	:	147253982;
	11906	:	163144206;
	11907	:	134786599;
	11908	:	177251964;
	11909	:	66275680;
	11910	:	-165618198;
	11911	:	-139341125;
	11912	:	-150591016;
	11913	:	-150804238;
	11914	:	-141581305;
	11915	:	-149093735;
	11916	:	-150305447;
	11917	:	-144037596;
	11918	:	-144507926;
	11919	:	-151967739;
	11920	:	-146196619;
	11921	:	-145022569;
	11922	:	-142291127;
	11923	:	-150704032;
	11924	:	-141798380;
	11925	:	-147948043;
	11926	:	-147237118;
	11927	:	-144061146;
	11928	:	-149941146;
	11929	:	-146075453;
	11930	:	-146443034;
	11931	:	-142618949;
	11932	:	-158828035;
	11933	:	-131188422;
	11934	:	-173504643;
	11935	:	-17392411;
	11936	:	179149573;
	11937	:	140597345;
	11938	:	157106865;
	11939	:	149727912;
	11940	:	154542865;
	11941	:	152668429;
	11942	:	157499112;
	11943	:	156088312;
	11944	:	151920142;
	11945	:	153962510;
	11946	:	152324867;
	11947	:	154434041;
	11948	:	148767888;
	11949	:	155207794;
	11950	:	149045568;
	11951	:	150630948;
	11952	:	145348306;
	11953	:	150541811;
	11954	:	146822313;
	11955	:	149893703;
	11956	:	151888104;
	11957	:	147840550;
	11958	:	156417608;
	11959	:	142122010;
	11960	:	177187220;
	11961	:	-23092918;
	11962	:	-171179911;
	11963	:	-128830085;
	11964	:	-155387323;
	11965	:	-136903884;
	11966	:	-148558722;
	11967	:	-145190164;
	11968	:	-150823067;
	11969	:	-150284088;
	11970	:	-148908427;
	11971	:	-150038092;
	11972	:	-148960332;
	11973	:	-155403204;
	11974	:	-148939989;
	11975	:	-157625984;
	11976	:	-149842562;
	11977	:	-153055950;
	11978	:	-149638673;
	11979	:	-154548190;
	11980	:	-146237429;
	11981	:	-152356371;
	11982	:	-147794051;
	11983	:	-147072082;
	11984	:	-151793050;
	11985	:	-146677442;
	11986	:	-161040881;
	11987	:	78483045;
	11988	:	171437367;
	11989	:	137585417;
	11990	:	159817890;
	11991	:	142352271;
	11992	:	158564623;
	11993	:	143009967;
	11994	:	156132608;
	11995	:	149154409;
	11996	:	156711371;
	11997	:	148416775;
	11998	:	150769093;
	11999	:	154023159;
	12000	:	149519458;
	12001	:	152719228;
	12002	:	143466588;
	12003	:	149624937;
	12004	:	143637746;
	12005	:	150026046;
	12006	:	144613408;
	12007	:	149605437;
	12008	:	139914326;
	12009	:	148235373;
	12010	:	138832195;
	12011	:	158384134;
	12012	:	130955664;
	12013	:	-117729203;
	12014	:	-163577787;
	12015	:	-137990473;
	12016	:	-152199070;
	12017	:	-140442683;
	12018	:	-155476961;
	12019	:	-144904062;
	12020	:	-151321381;
	12021	:	-145978562;
	12022	:	-151558250;
	12023	:	-145071822;
	12024	:	-150749965;
	12025	:	-146651976;
	12026	:	-149011021;
	12027	:	-148246403;
	12028	:	-147036814;
	12029	:	-157287277;
	12030	:	-150967143;
	12031	:	-155123942;
	12032	:	-145266397;
	12033	:	-155369852;
	12034	:	-142319940;
	12035	:	-154792237;
	12036	:	-136100440;
	12037	:	-165029328;
	12038	:	-90722928;
	12039	:	147493837;
	12040	:	158191067;
	12041	:	155806991;
	12042	:	159940843;
	12043	:	155561910;
	12044	:	157391549;
	12045	:	149030606;
	12046	:	155380525;
	12047	:	150675108;
	12048	:	154712494;
	12049	:	144630132;
	12050	:	151881967;
	12051	:	147609992;
	12052	:	150158996;
	12053	:	148539774;
	12054	:	151601165;
	12055	:	152213241;
	12056	:	154039131;
	12057	:	157974283;
	12058	:	151255070;
	12059	:	160472988;
	12060	:	145589119;
	12061	:	164225519;
	12062	:	135777559;
	12063	:	177036028;
	12064	:	53503950;
	12065	:	-170911259;
	12066	:	-147271809;
	12067	:	-163239653;
	12068	:	-157960243;
	12069	:	-158083830;
	12070	:	-159181670;
	12071	:	-160165689;
	12072	:	-163586128;
	12073	:	-156567541;
	12074	:	-156345170;
	12075	:	-152469391;
	12076	:	-156583902;
	12077	:	-148500126;
	12078	:	-152575675;
	12079	:	-149588933;
	12080	:	-153574096;
	12081	:	-151917900;
	12082	:	-155731672;
	12083	:	-151337812;
	12084	:	-156207514;
	12085	:	-157653495;
	12086	:	-154679731;
	12087	:	-163380724;
	12088	:	-151956617;
	12089	:	-174679855;
	12090	:	-66137044;
	12091	:	14816748;
	12092	:	-7889159;
	12093	:	7692029;
	12094	:	-4286392;
	12095	:	2926690;
	12096	:	-2486245;
	12097	:	648291;
	12098	:	-3687036;
	12099	:	-11646;
	12100	:	-3002491;
	12101	:	-2724764;
	12102	:	-1620591;
	12103	:	-1514052;
	12104	:	-824555;
	12105	:	-2065683;
	12106	:	-919568;
	12107	:	-1850571;
	12108	:	-318406;
	12109	:	-1892840;
	12110	:	227589;
	12111	:	-1309253;
	12112	:	82301;
	12113	:	-906117;
	12114	:	274823;
	12115	:	215388;
	12116	:	704310;
	12117	:	-523602;
	12118	:	1208743;
	12119	:	4280;
	12120	:	73318;
	12121	:	-147414;
	12122	:	616083;
	12123	:	-805481;
	12124	:	474666;
	12125	:	139139;
	12126	:	-493946;
	12127	:	402404;
	12128	:	-206567;
	12129	:	301904;
	12130	:	-50640;
	12131	:	241603;
	12132	:	-160447;
	12133	:	342494;
	12134	:	-81045;
	12135	:	267940;
	12136	:	127977;
	12137	:	-181066;
	12138	:	101693;
	12139	:	192142;
	12140	:	-99319;
	12141	:	-33797;
	12142	:	-30568;
	12143	:	-84117;
	12144	:	-168124;
	12145	:	-6652;
	12146	:	-39895;
	12147	:	-22325;
	12148	:	-179726;
	12149	:	108878;
	12150	:	-124641;
	12151	:	-47516;
	12152	:	-13086;
	12153	:	-85671;
	12154	:	-40731;
	12155	:	166890;
	12156	:	23021;
	12157	:	133954;
	12158	:	-49533;
	12159	:	246339;
	12160	:	157698;
	12161	:	-366314;
	12162	:	447866;
	12163	:	75368;
	12164	:	-8163;
	12165	:	79882;
	12166	:	277080;
	12167	:	81125;
	12168	:	-86527;
	12169	:	10126;
	12170	:	279046;
	12171	:	-13565;
	12172	:	-202339;
	12173	:	-171768;
	12174	:	-33862;
	12175	:	-12742;
	12176	:	-323781;
	12177	:	-224593;
	12178	:	-84363;
	12179	:	-77736;
	12180	:	-348774;
	12181	:	8449;
	12182	:	57553;
	12183	:	-245647;
	12184	:	-259889;
	12185	:	17269;
	12186	:	82657;
	12187	:	-148067;
	12188	:	-274169;
	12189	:	38595;
	12190	:	19101;
	12191	:	19199;
	12192	:	-265966;
	12193	:	155401;
	12194	:	80983;
	12195	:	-364990;
	12196	:	133567;
	12197	:	-96995;
	12198	:	106316;
	12199	:	-21526;
	12200	:	-62150;
	12201	:	561;
	12202	:	6996;
	12203	:	-108037;
	12204	:	-116047;
	12205	:	-26371;
	12206	:	-228693;
	12207	:	-163399;
	12208	:	-116548;
	12209	:	-13690;
	12210	:	-64565;
	12211	:	-184273;
	12212	:	-170179;
	12213	:	-61515;
	12214	:	41554;
	12215	:	-26923;
	12216	:	-76609;
	12217	:	-132080;
	12218	:	-15680;
	12219	:	79399;
	12220	:	-16573;
	12221	:	5;
	12222	:	12253;
	12223	:	-2147483584;
	12224	:	0;
	12225	:	13;
	12226	:	12237;
	12227	:	12253;
	12228	:	12256;
	12229	:	5;
	12230	:	12255;
	12231	:	12256;
	12232	:	0;
	12233	:	17;
	12234	:	12258;
	12235	:	0;
	12236	:	0;
	12237	:	5;
	12238	:	-2147483583;
	12239	:	12254;
	12240	:	0;
	12241	:	5;
	12242	:	-2147483584;
	12243	:	12257;
	12244	:	0;
	12245	:	5;
	12246	:	12255;
	12247	:	12257;
	12248	:	0;
	12249	:	17;
	12250	:	12258;
	12251	:	0;
	12252	:	0;
	12253	:	0;
	12254	:	0;
	12255	:	0;
	12256	:	0;
	12257	:	1;
	12258	:	0;
END;
 

